-- phpMyAdmin SQL Dump
-- version 4.5.1
-- http://www.phpmyadmin.net
--
-- Host: 127.0.0.1
-- Generation Time: Nov 26, 2018 at 06:10 AM
-- Server version: 10.1.13-MariaDB
-- PHP Version: 5.6.21

SET SQL_MODE = "NO_AUTO_VALUE_ON_ZERO";
SET time_zone = "+00:00";


/*!40101 SET @OLD_CHARACTER_SET_CLIENT=@@CHARACTER_SET_CLIENT */;
/*!40101 SET @OLD_CHARACTER_SET_RESULTS=@@CHARACTER_SET_RESULTS */;
/*!40101 SET @OLD_COLLATION_CONNECTION=@@COLLATION_CONNECTION */;
/*!40101 SET NAMES utf8mb4 */;

--
-- Database: `famville_food_ordering_system`
--

-- --------------------------------------------------------

--
-- Table structure for table `area_type`
--

CREATE TABLE `area_type` (
  `area_type_id` int(11) NOT NULL,
  `area_type` varchar(100) NOT NULL,
  `image` varchar(100) NOT NULL,
  `description` varchar(100) NOT NULL
) ENGINE=InnoDB DEFAULT CHARSET=latin1;

--
-- Dumping data for table `area_type`
--

INSERT INTO `area_type` (`area_type_id`, `area_type`, `image`, `description`) VALUES
(7, 'family restaurant', 'restaurant_area.png', 'ragen'),
(8, 'bar', 'ragen_bar.png', 'bar image'),
(9, 'gamezone', 'VIP_rooms_area.png', 'gamezone');

-- --------------------------------------------------------

--
-- Table structure for table `assigned_tables`
--

CREATE TABLE `assigned_tables` (
  `assigned_tables_id` int(11) NOT NULL,
  `area_type_id` int(11) NOT NULL,
  `user_id` int(11) NOT NULL,
  `table_number_id` int(11) NOT NULL,
  `status` varchar(100) NOT NULL COMMENT 'Active; In-Active',
  `action` varchar(100) NOT NULL COMMENT 'Assigned; Un-Assigned'
) ENGINE=InnoDB DEFAULT CHARSET=latin1;

--
-- Dumping data for table `assigned_tables`
--

INSERT INTO `assigned_tables` (`assigned_tables_id`, `area_type_id`, `user_id`, `table_number_id`, `status`, `action`) VALUES
(1, 8, 10, 293, 'Active', 'Assigned'),
(2, 8, 10, 294, 'In-Active', 'Un-Assigned'),
(3, 8, 10, 295, 'In-Active', 'Un-Assigned'),
(4, 8, 10, 296, 'In-Active', 'Un-Assigned'),
(5, 8, 10, 297, 'In-Active', 'Un-Assigned'),
(6, 8, 10, 298, 'In-Active', 'Un-Assigned'),
(7, 8, 10, 299, 'In-Active', 'Un-Assigned'),
(8, 8, 13, 293, 'Active', 'Assigned'),
(9, 8, 13, 294, 'Active', 'Assigned');

-- --------------------------------------------------------

--
-- Table structure for table `category`
--

CREATE TABLE `category` (
  `category_id` int(11) NOT NULL,
  `category_type` varchar(100) NOT NULL,
  `category_description` varchar(100) NOT NULL,
  `image` varchar(100) NOT NULL
) ENGINE=InnoDB DEFAULT CHARSET=latin1;

--
-- Dumping data for table `category`
--

INSERT INTO `category` (`category_id`, `category_type`, `category_description`, `image`) VALUES
(12, 'dessert', 'dessert', 'dessert-sweet-cake-wallpaper-hd.jpg'),
(14, 'drinks', 'drinks', '01.jpg'),
(15, 'drinks', 'drinks', 'images.jpeg'),
(16, 'pasta', 'pasta', 'download.jpeg'),
(17, 'fries', 'fries', 'download (2).jpeg'),
(18, 'pork chop', 'pork chop', 'download (5).jpeg'),
(19, 'letchon kawali', 'letchon kawali', 'download (6).jpeg'),
(20, 'crispy pata', 'crispy pata', 'download (7).jpeg'),
(21, 'pork lumpia', 'pork lumpia', 'lumpia.jpeg'),
(22, 'bulalo', 'bulalo', 'bulalo.jpeg'),
(23, 'chicken wings', 'chicken wings', 'wings.jpeg'),
(24, 'chicken sisig', 'chicken sisig', 'sisig.jpeg'),
(25, 'chicken strig', 'chicken strig', 'string.jpeg'),
(26, 'tuna sisig', 'tuna sisig\r\n\r\n', 'tuna sisg.jpeg'),
(27, 'tilapia', 'tilapia', 'tilapia.jpeg'),
(28, 'chicken bbq', 'chicken bbq', 'bbq.jpeg'),
(29, 'shrimp', 'shrimp', 'shrimp.jpeg'),
(30, 'beef nachos', 'beef nachos', 'nachos.jpeg'),
(31, 'calamares', 'calamares', 'calamaRES.jpeg');

-- --------------------------------------------------------

--
-- Table structure for table `guest`
--

CREATE TABLE `guest` (
  `guest_id` int(11) NOT NULL,
  `first_name` varchar(100) NOT NULL,
  `last_name` varchar(100) NOT NULL,
  `address` varchar(100) NOT NULL,
  `guest_num_id` varchar(100) NOT NULL,
  `date_added` timestamp NOT NULL DEFAULT CURRENT_TIMESTAMP ON UPDATE CURRENT_TIMESTAMP
) ENGINE=InnoDB DEFAULT CHARSET=latin1;

--
-- Dumping data for table `guest`
--

INSERT INTO `guest` (`guest_id`, `first_name`, `last_name`, `address`, `guest_num_id`, `date_added`) VALUES
(72, 'radic', 'radic', 'radic', '18124', '2018-10-20 16:28:54'),
(73, 'manny', 'manny', 'tacurong', '18125', '2018-10-20 21:09:42'),
(78, 'ragengallega', 'ragengallega', 'tacurong', '18130', '2018-10-21 00:02:46'),
(84, 'ragenbar', 'ragenbar', 'tacurong', '18127', '2018-10-21 02:06:04'),
(89, 'juan', 'dela cruz', 'tacurong', '18128', '2018-10-21 06:53:11'),
(90, 'john', 'dela vega', 'del koro', '18129', '2018-10-21 06:54:41'),
(93, 'raffadiva', 'raffadiva', 'raffadiva', '18132', '2018-10-25 09:45:23'),
(94, '', '', '', '18131', '2018-11-14 07:40:36'),
(95, '', '', '', '18131', '2018-11-14 07:41:18'),
(96, '', '', '', '18133', '2018-11-14 07:45:29');

-- --------------------------------------------------------

--
-- Table structure for table `guest_num`
--

CREATE TABLE `guest_num` (
  `guest_num_id` int(11) NOT NULL,
  `guest_num` int(11) NOT NULL
) ENGINE=InnoDB DEFAULT CHARSET=latin1;

--
-- Dumping data for table `guest_num`
--

INSERT INTO `guest_num` (`guest_num_id`, `guest_num`) VALUES
(1, 123);

-- --------------------------------------------------------

--
-- Table structure for table `guest_seated`
--

CREATE TABLE `guest_seated` (
  `guest_seated_id` int(11) NOT NULL,
  `guest_id` int(11) NOT NULL,
  `num_guest_id` int(11) NOT NULL,
  `table_number_id` int(11) NOT NULL,
  `date_seated` timestamp NOT NULL DEFAULT CURRENT_TIMESTAMP ON UPDATE CURRENT_TIMESTAMP,
  `status` varchar(100) NOT NULL COMMENT 'In-Progress; Finished',
  `action` varchar(100) NOT NULL COMMENT 'In; Out'
) ENGINE=InnoDB DEFAULT CHARSET=latin1;

--
-- Dumping data for table `guest_seated`
--

INSERT INTO `guest_seated` (`guest_seated_id`, `guest_id`, `num_guest_id`, `table_number_id`, `date_seated`, `status`, `action`) VALUES
(1, 5, 0, 0, '2018-09-17 04:14:55', 'In-Progress', ''),
(2, 1, 15, 0, '2018-09-17 07:28:35', 'In-Progress', ''),
(3, 1, 15, 0, '2018-09-17 07:30:40', 'In-Progress', ''),
(4, 11, 1, 0, '2018-09-23 04:06:36', 'In-Progress', ''),
(5, 12, 13, 39, '2018-09-23 10:10:42', 'NULL', 'NULL'),
(6, 12, 13, 40, '2018-09-23 10:10:42', 'NULL', 'NULL'),
(7, 12, 13, 39, '2018-09-23 10:21:50', 'NULL', 'NULL'),
(8, 12, 13, 39, '2018-09-23 10:22:32', 'NULL', 'NULL'),
(9, 12, 13, 40, '2018-09-23 10:22:32', 'NULL', 'NULL'),
(10, 12, 13, 39, '2018-09-23 10:31:19', 'In-Progress', 'In'),
(11, 12, 13, 40, '2018-09-23 10:31:19', 'In-Progress', 'In'),
(12, 13, 17, 41, '2018-09-23 11:32:34', 'In-Progress', 'In'),
(13, 13, 17, 42, '2018-09-23 11:32:34', 'In-Progress', 'In'),
(14, 14, 18, 44, '2018-09-24 13:46:57', 'In-Progress', 'In'),
(15, 14, 18, 45, '2018-09-24 13:46:57', 'In-Progress', 'In'),
(16, 15, 1, 1, '2018-09-24 13:44:52', 'In-Progress', 'In'),
(17, 18, 4, 1, '2018-09-27 07:39:01', 'In-Progress', 'In'),
(18, 20, 6, 133, '2018-10-06 15:19:04', 'In-Progress', 'In'),
(19, 20, 6, 134, '2018-10-06 15:19:04', 'In-Progress', 'In'),
(20, 20, 6, 135, '2018-10-06 15:19:04', 'In-Progress', 'In'),
(21, 20, 6, 136, '2018-10-06 15:19:04', 'In-Progress', 'In'),
(22, 20, 6, 137, '2018-10-06 15:19:04', 'In-Progress', 'In'),
(23, 20, 6, 138, '2018-10-06 15:19:05', 'In-Progress', 'In'),
(24, 25, 11, 163, '2018-10-10 09:31:45', 'In-Progress', 'In'),
(25, 25, 11, 164, '2018-10-10 09:31:45', 'In-Progress', 'In'),
(26, 25, 11, 165, '2018-10-10 09:31:45', 'In-Progress', 'In'),
(27, 25, 11, 166, '2018-10-10 09:31:45', 'In-Progress', 'In'),
(28, 25, 11, 167, '2018-10-10 09:31:45', 'In-Progress', 'In'),
(29, 25, 11, 168, '2018-10-10 09:31:46', 'In-Progress', 'In'),
(30, 25, 11, 169, '2018-10-10 09:31:46', 'In-Progress', 'In'),
(31, 25, 11, 170, '2018-10-10 09:31:46', 'In-Progress', 'In'),
(32, 25, 11, 171, '2018-10-10 09:31:46', 'In-Progress', 'In'),
(33, 25, 11, 172, '2018-10-10 09:31:46', 'In-Progress', 'In'),
(34, 26, 13, 173, '2018-10-11 11:34:58', 'In-Progress', 'In'),
(35, 26, 13, 174, '2018-10-11 11:34:58', 'In-Progress', 'In'),
(36, 26, 13, 175, '2018-10-11 11:34:58', 'In-Progress', 'In'),
(37, 26, 13, 176, '2018-10-11 11:34:58', 'In-Progress', 'In'),
(38, 26, 13, 177, '2018-10-11 11:34:58', 'In-Progress', 'In'),
(39, 28, 18, 293, '2018-10-14 20:17:23', 'In-Progress', 'In'),
(40, 1, 19, 295, '2018-10-14 20:20:33', 'In-Progress', 'In'),
(41, 2, 20, 296, '2018-10-14 20:25:54', 'In-Progress', 'In'),
(42, 3, 21, 298, '2018-10-14 21:26:15', 'In-Progress', 'In'),
(43, 3, 21, 299, '2018-10-14 21:26:15', 'In-Progress', 'In'),
(44, 26, 22, 297, '2018-10-14 21:27:38', 'In-Progress', 'In'),
(45, 38, 23, 295, '2018-10-19 18:47:00', 'In-Progress', 'In'),
(47, 73, 25, 293, '2018-10-20 21:10:09', 'In-Progress', 'In'),
(48, 78, 26, 293, '2018-10-21 00:08:00', 'In-Progress', 'In'),
(49, 84, 27, 293, '2018-10-21 02:06:43', 'In-Progress', 'In'),
(50, 90, 28, 293, '2018-10-21 06:55:34', 'In-Progress', 'In'),
(51, 93, 29, 299, '2018-10-25 09:50:21', 'In-Progress', 'In'),
(52, 93, 29, 300, '2018-10-25 09:50:21', 'In-Progress', 'In');

-- --------------------------------------------------------

--
-- Table structure for table `num_guests`
--

CREATE TABLE `num_guests` (
  `num_guests_id` int(11) NOT NULL,
  `num_guests` int(11) NOT NULL,
  `guest_id` int(11) NOT NULL,
  `date_time` varchar(100) NOT NULL,
  `area_type_id` int(11) NOT NULL
) ENGINE=InnoDB DEFAULT CHARSET=latin1;

--
-- Dumping data for table `num_guests`
--

INSERT INTO `num_guests` (`num_guests_id`, `num_guests`, `guest_id`, `date_time`, `area_type_id`) VALUES
(29, 7, 93, 'Thursday,  October 25,  2018 2:46 am', 8);

-- --------------------------------------------------------

--
-- Table structure for table `order_bill_out`
--

CREATE TABLE `order_bill_out` (
  `order_bill_out_id` int(11) NOT NULL,
  `order_num_id` int(11) NOT NULL,
  `user_id` int(11) NOT NULL,
  `date_time` timestamp NOT NULL DEFAULT CURRENT_TIMESTAMP ON UPDATE CURRENT_TIMESTAMP,
  `order_kitchen_id` int(11) NOT NULL,
  `sub_total` int(11) NOT NULL,
  `billed_amount` int(11) NOT NULL,
  `guest_id` int(11) NOT NULL,
  `guest_id_num` int(11) NOT NULL COMMENT 'one-by-one-customer-receipt',
  `action` varchar(100) NOT NULL COMMENT 'unbump; bump',
  `duration` varchar(100) NOT NULL
) ENGINE=InnoDB DEFAULT CHARSET=latin1;

--
-- Dumping data for table `order_bill_out`
--

INSERT INTO `order_bill_out` (`order_bill_out_id`, `order_num_id`, `user_id`, `date_time`, `order_kitchen_id`, `sub_total`, `billed_amount`, `guest_id`, `guest_id_num`, `action`, `duration`) VALUES
(220, 18225, 0, '2018-10-17 10:36:26', 144, 300, 336, 31, 0, 'bump', '19:33:06'),
(221, 18225, 0, '2018-10-17 10:36:26', 145, 300, 336, 31, 0, 'bump', '19:33:06'),
(222, 18227, 0, '2018-10-17 10:36:29', 147, 300, 336, 32, 0, 'bump', '07:51:03'),
(223, 18227, 0, '2018-10-17 10:36:29', 146, 300, 336, 32, 0, 'bump', '07:51:03'),
(224, 18229, 0, '2018-10-17 10:36:34', 150, 300, 336, 33, 0, 'bump', '01:34:53'),
(225, 18229, 0, '2018-10-17 10:36:34', 148, 300, 336, 33, 0, 'bump', '01:34:53'),
(226, 18229, 0, '2018-10-17 10:36:34', 149, 300, 336, 33, 0, 'bump', '01:34:53'),
(227, 18232, 0, '2018-10-17 10:41:15', 152, 600, 672, 34, 0, 'bump', '02:00:54'),
(228, 18232, 0, '2018-10-17 10:41:15', 151, 600, 672, 34, 0, 'bump', '02:00:54'),
(229, 18232, 0, '2018-10-17 10:41:15', 153, 600, 672, 34, 0, 'bump', '02:00:54'),
(230, 18232, 0, '2018-10-17 10:41:15', 154, 600, 672, 34, 0, 'bump', '02:00:54'),
(246, 18143, 0, '2018-10-18 08:48:25', 177, 600, 672, 1, 0, 'bump', '23:46:11'),
(247, 18143, 0, '2018-10-18 08:48:25', 178, 600, 672, 1, 0, 'bump', '23:46:11'),
(248, 18143, 8, '2018-10-18 08:48:25', 179, 900, 1008, 1, 0, 'bump', '23:46:11'),
(249, 18143, 8, '2018-10-18 08:48:25', 180, 900, 1008, 1, 0, 'bump', '23:46:11'),
(250, 18143, 8, '2018-10-18 08:48:25', 181, 900, 1008, 1, 0, 'bump', '23:46:11'),
(251, 18146, 8, '2018-10-18 08:49:18', 182, 1200, 1344, 1, 0, 'bump', '23:49:07'),
(252, 18146, 8, '2018-10-18 08:49:18', 183, 1200, 1344, 1, 0, 'bump', '23:49:07'),
(253, 18146, 8, '2018-10-18 08:49:18', 184, 1200, 1344, 1, 0, 'bump', '23:49:07'),
(254, 18146, 8, '2018-10-18 08:49:18', 185, 1200, 1344, 1, 0, 'bump', '23:49:07'),
(261, 18156, 8, '2018-10-21 00:32:07', 195, 210, 235, 3, 0, 'bump', '06:15:02'),
(262, 18156, 8, '2018-10-21 00:32:07', 196, 210, 235, 3, 0, 'bump', '06:15:02'),
(263, 18158, 8, '2018-10-21 06:11:26', 197, 340, 381, 3, 0, 'unbump', '15:55:23'),
(264, 18158, 8, '2018-10-21 06:11:26', 198, 340, 381, 3, 0, 'unbump', '15:55:23'),
(265, 18158, 8, '2018-10-21 06:11:26', 199, 340, 381, 3, 0, 'unbump', '15:55:23'),
(266, 18158, 8, '2018-10-21 06:11:26', 200, 340, 381, 3, 0, 'unbump', '15:55:23'),
(267, 18162, 8, '2018-10-21 06:11:26', 201, 230, 258, 3, 0, 'unbump', '15:54:36'),
(268, 18162, 8, '2018-10-21 06:11:26', 202, 230, 258, 3, 0, 'unbump', '15:54:36'),
(269, 18164, 8, '2018-10-21 06:11:26', 213, 320, 358, 3, 0, 'unbump', '15:00:58'),
(270, 18164, 8, '2018-10-21 06:11:26', 214, 320, 358, 3, 0, 'unbump', '15:00:58'),
(271, 18166, 8, '2018-10-21 00:32:15', 215, 110, 123, 3, 0, 'bump', '07:39:20'),
(272, 18166, 8, '2018-10-21 00:32:15', 216, 110, 123, 3, 0, 'bump', '07:39:20'),
(273, 18168, 8, '2018-10-21 06:11:26', 217, 130, 146, 3, 0, 'unbump', '14:51:16'),
(274, 18169, 8, '2018-10-21 06:11:26', 218, 30, 34, 3, 0, 'unbump', '14:41:23'),
(275, 18170, 8, '2018-10-21 06:11:26', 219, 700, 784, 3, 0, 'unbump', '14:27:26'),
(276, 18171, 8, '2018-10-19 12:51:13', 220, 300, 336, 28, 0, 'bump', '00:10:12'),
(277, 18172, 8, '2018-10-21 06:11:26', 221, 610, 683, 2, 0, 'unbump', '14:22:30'),
(278, 18172, 8, '2018-10-21 06:11:26', 222, 610, 683, 2, 0, 'unbump', '14:22:30'),
(279, 18172, 8, '2018-10-21 06:11:26', 223, 610, 683, 2, 0, 'unbump', '14:22:30'),
(280, 18175, 8, '2018-10-19 12:51:46', 226, 1500, 1680, 28, 0, 'bump', '02:22:01'),
(281, 18175, 8, '2018-10-19 12:51:46', 227, 1500, 1680, 28, 0, 'bump', '02:22:01'),
(282, 18177, 8, '2018-10-21 06:11:26', 228, 60, 67, 38, 0, 'unbump', '18:32:34'),
(283, 18177, 8, '2018-10-21 06:11:26', 229, 60, 67, 38, 0, 'unbump', '18:32:34'),
(284, 18179, 8, '2018-10-21 06:11:26', 230, 350, 392, 38, 0, 'unbump', '11:53:57'),
(285, 18179, 8, '2018-10-21 06:11:26', 231, 350, 392, 38, 0, 'unbump', '11:53:57'),
(286, 18181, 0, '2018-10-21 06:11:26', 232, 730, 818, 39, 0, 'unbump', '17:27:49'),
(287, 18181, 0, '2018-10-21 06:11:26', 233, 730, 818, 39, 0, 'unbump', '17:27:49'),
(288, 18183, 8, '2018-10-21 06:11:26', 234, 540, 605, 38, 40, 'unbump', '09:44:27'),
(289, 18183, 8, '2018-10-21 06:11:26', 235, 540, 605, 38, 40, 'unbump', '09:44:27'),
(290, 18185, 8, '2018-10-21 06:11:26', 236, 210, 235, 38, 41, 'unbump', '09:40:24'),
(291, 18185, 8, '2018-10-21 06:11:26', 237, 210, 235, 38, 41, 'unbump', '09:40:24'),
(292, 18187, 8, '2018-10-21 06:11:27', 238, 500, 560, 38, 18164, 'unbump', '09:04:51'),
(293, 18188, 8, '2018-10-21 06:11:27', 239, 330, 370, 38, 18165, 'unbump', '08:58:50'),
(294, 18188, 8, '2018-10-21 06:11:27', 240, 330, 370, 38, 18165, 'unbump', '08:58:50'),
(295, 18190, 8, '2018-10-21 00:32:25', 241, 40, 45, 38, 18166, 'bump', '00:02:12'),
(296, 18190, 8, '2018-10-21 00:32:25', 242, 40, 45, 38, 18166, 'bump', '00:02:12'),
(297, 18192, 8, '2018-10-21 06:11:27', 243, 10, 11, 38, 18167, 'unbump', '04:54:40'),
(298, 18193, 8, '2018-10-21 06:11:27', 244, 600, 672, 38, 18168, 'unbump', '01:54:13'),
(299, 18193, 8, '2018-10-21 06:11:27', 245, 600, 672, 38, 18168, 'unbump', '01:54:13'),
(300, 18193, 8, '2018-10-21 06:11:27', 246, 600, 672, 38, 18168, 'unbump', '01:54:13'),
(301, 18196, 8, '2018-10-21 06:11:27', 247, 200, 224, 3, 18170, 'unbump', '08:01:40'),
(302, 18197, 8, '2018-10-21 06:11:27', 248, 700, 784, 38, 18179, 'unbump', '22:57:16'),
(303, 18197, 8, '2018-10-21 06:11:27', 249, 700, 784, 38, 18179, 'unbump', '22:57:16'),
(304, 18197, 8, '2018-10-21 06:11:27', 250, 700, 784, 38, 18179, 'unbump', '22:57:16'),
(305, 18200, 8, '2018-10-21 00:31:45', 251, 300, 336, 3, 18181, 'bump', '02:19:58'),
(306, 18201, 8, '2018-10-21 06:11:27', 252, 500, 560, 38, 18185, 'unbump', '22:45:03'),
(307, 18202, 8, '2018-10-21 06:11:27', 253, 200, 224, 38, 18186, 'unbump', '05:40:42'),
(308, 18203, 8, '2018-10-21 06:11:27', 254, 300, 336, 38, 18191, 'unbump', '22:00:45'),
(309, 18204, 8, '2018-10-21 06:11:27', 255, 160, 179, 38, 18192, 'unbump', '21:51:34'),
(310, 18204, 8, '2018-10-21 06:11:27', 256, 160, 179, 38, 18192, 'unbump', '21:51:34'),
(311, 18206, 8, '2018-10-20 21:28:56', 257, 310, 347, 73, 18126, 'bump', '12:20:26'),
(312, 18206, 8, '2018-10-20 21:28:56', 258, 310, 347, 73, 18126, 'bump', '12:20:26'),
(313, 18196, 8, '2018-10-21 06:11:27', 259, 50, 56, 73, 18127, 'unbump', '08:01:40'),
(314, 18196, 8, '2018-10-21 06:11:27', 260, 50, 56, 73, 18127, 'unbump', '08:01:40'),
(315, 18198, 8, '2018-10-21 06:11:27', 261, 200, 224, 73, 18128, 'unbump', '07:59:52'),
(316, 18199, 8, '2018-10-21 00:31:57', 262, 30, 34, 73, 18129, 'bump', '14:39:22'),
(317, 18200, 8, '2018-10-21 00:31:45', 263, 1330, 1490, 78, 18127, 'bump', '02:19:58'),
(318, 18200, 8, '2018-10-21 00:31:45', 264, 1330, 1490, 78, 18127, 'bump', '02:19:58'),
(319, 18202, 0, '2018-10-21 06:11:27', 265, 210, 235, 80, 0, 'unbump', '05:40:42'),
(320, 18202, 0, '2018-10-21 06:11:27', 266, 210, 235, 80, 0, 'unbump', '05:40:42'),
(321, 18202, 0, '2018-10-21 06:11:27', 265, 210, 235, 81, 0, 'unbump', '05:40:42'),
(322, 18202, 0, '2018-10-21 06:11:27', 266, 210, 235, 81, 0, 'unbump', '05:40:42'),
(323, 18202, 0, '2018-10-21 06:11:27', 265, 210, 235, 82, 0, 'unbump', '05:40:42'),
(324, 18202, 0, '2018-10-21 06:11:27', 266, 210, 235, 82, 0, 'unbump', '05:40:42'),
(325, 18208, 8, '2018-10-21 06:11:27', 267, 700, 784, 78, 18127, 'unbump', '05:33:57'),
(326, 18209, 8, '2018-10-21 06:11:27', 268, 20, 22, 84, 18128, 'unbump', '20:47:58'),
(327, 18210, 8, '2018-10-21 06:17:23', 269, 30, 34, 84, 18128, 'unbump', '40'),
(328, 18211, 8, '2018-10-21 06:19:56', 270, 260, 291, 84, 18129, 'unbump', '40'),
(329, 18211, 8, '2018-10-21 06:19:57', 271, 260, 291, 84, 18129, 'unbump', '40'),
(330, 18211, 8, '2018-10-21 06:19:57', 272, 260, 291, 84, 18129, 'unbump', '40'),
(331, 18214, 8, '2018-10-21 06:22:05', 273, 30, 34, 84, 18130, 'unbump', '40'),
(332, 18215, 8, '2018-10-21 07:13:45', 275, 530, 594, 90, 18130, 'unbump', '40'),
(333, 18215, 8, '2018-10-21 07:13:45', 274, 530, 594, 90, 18130, 'unbump', '40'),
(334, 18217, 8, '2018-10-21 07:27:11', 277, 1120, 1254, 90, 18131, 'unbump', '40'),
(335, 18217, 8, '2018-10-21 07:27:11', 276, 1120, 1254, 90, 18131, 'unbump', '40'),
(336, 18219, 8, '2018-10-25 09:51:47', 278, 320, 358, 93, 18133, 'unbump', '40'),
(337, 18219, 8, '2018-10-25 09:51:47', 279, 320, 358, 93, 18133, 'unbump', '40'),
(338, 18221, 8, '2018-10-25 09:52:17', 280, 400, 448, 93, 18134, 'unbump', '40'),
(339, 18222, 0, '2018-11-14 07:40:36', 281, 100, 112, 94, 0, 'unbump', '40'),
(340, 18222, 0, '2018-11-14 07:41:18', 281, 100, 112, 95, 0, 'unbump', '40'),
(341, 18224, 8, '2018-11-14 07:45:29', 283, 430, 482, 93, 18133, 'unbump', '40'),
(342, 18224, 8, '2018-11-14 07:45:29', 282, 430, 482, 93, 18133, 'unbump', '40'),
(343, 18224, 8, '2018-11-14 07:45:29', 284, 430, 482, 93, 18133, 'unbump', '40');

-- --------------------------------------------------------

--
-- Table structure for table `order_kitchen`
--

CREATE TABLE `order_kitchen` (
  `order_kitchen_id` int(11) NOT NULL,
  `order_type_id` int(11) NOT NULL,
  `table_number_id` int(11) NOT NULL,
  `num_guests_id` int(11) NOT NULL,
  `guest_id` int(11) NOT NULL COMMENT 'one-by-one-customer-receipt',
  `product_id` int(11) NOT NULL,
  `order_quantity` int(11) NOT NULL,
  `date_time` timestamp NOT NULL DEFAULT CURRENT_TIMESTAMP ON UPDATE CURRENT_TIMESTAMP,
  `user_id` int(11) NOT NULL,
  `status` varchar(100) NOT NULL COMMENT 'Foods; Drinks',
  `action` varchar(100) NOT NULL COMMENT 'Order; Un-order'
) ENGINE=InnoDB DEFAULT CHARSET=latin1;

--
-- Dumping data for table `order_kitchen`
--

INSERT INTO `order_kitchen` (`order_kitchen_id`, `order_type_id`, `table_number_id`, `num_guests_id`, `guest_id`, `product_id`, `order_quantity`, `date_time`, `user_id`, `status`, `action`) VALUES
(1, 2, 0, 0, 0, 3, 3, '2018-09-26 20:43:00', 0, 'Drinks', 'Un-Order'),
(2, 2, 0, 0, 0, 2, 2, '2018-09-26 20:45:58', 0, 'Foods', 'Un-Order'),
(3, 2, 0, 0, 0, 2, 2, '2018-09-26 21:13:54', 0, 'Foods', 'Un-Order'),
(4, 2, 0, 0, 0, 2, 2, '2018-09-26 21:13:55', 0, 'Foods', 'Un-Order'),
(5, 2, 0, 0, 0, 2, 2, '2018-09-26 21:13:55', 0, 'Foods', 'Un-Order'),
(6, 2, 0, 0, 0, 2, 2, '2018-09-26 21:13:55', 0, 'Foods', 'Un-Order'),
(7, 2, 0, 0, 0, 3, 1, '2018-09-26 21:13:55', 0, 'Drinks', 'Un-Order'),
(8, 2, 0, 0, 0, 3, 1, '2018-09-26 21:13:55', 0, 'Drinks', 'Un-Order'),
(9, 2, 0, 0, 0, 2, 3, '2018-09-28 07:49:39', 0, 'Foods', 'Un-Order'),
(10, 2, 0, 0, 0, 1, 1, '2018-09-28 07:49:39', 0, 'Foods', 'Un-Order'),
(11, 2, 0, 0, 0, 2, 1, '2018-09-28 07:49:39', 0, 'Foods', 'Un-Order'),
(12, 2, 0, 0, 0, 3, 1, '2018-09-29 20:27:30', 0, 'Drinks', 'Un-Order'),
(13, 2, 0, 0, 0, 3, 1, '2018-09-29 20:27:30', 0, 'Drinks', 'Un-Order'),
(15, 2, 0, 0, 0, 3, 93, '2018-09-29 20:49:11', 0, 'Drinks', 'Un-Order'),
(16, 2, 0, 0, 0, 3, 3, '2018-09-29 20:51:16', 0, 'Drinks', 'Un-Order'),
(17, 2, 0, 0, 0, 3, 2, '2018-09-29 20:52:01', 0, 'Drinks', 'Un-Order'),
(18, 2, 0, 0, 0, 3, 88, '2018-09-29 20:52:48', 0, 'Drinks', 'Un-Order'),
(19, 2, 0, 0, 0, 3, 4, '2018-09-30 01:13:07', 0, 'Drinks', 'Un-Order'),
(20, 2, 0, 0, 0, 3, 5, '2018-09-30 01:24:38', 0, 'Drinks', 'Un-Order'),
(21, 2, 0, 0, 0, 3, 3, '2018-09-30 01:35:42', 0, 'Drinks', 'Un-Order'),
(22, 2, 0, 0, 0, 3, 4, '2018-09-30 02:07:24', 0, 'Drinks', 'Un-Order'),
(23, 2, 0, 0, 0, 3, 4, '2018-09-30 02:19:58', 0, 'Drinks', 'Un-Order'),
(24, 2, 0, 0, 0, 3, 2, '2018-09-30 02:20:44', 0, 'Drinks', 'Un-Order'),
(25, 2, 0, 0, 0, 3, 5, '2018-09-30 02:21:52', 0, 'Drinks', 'Un-Order'),
(26, 2, 0, 0, 0, 2, 1, '2018-09-30 02:58:10', 0, 'Foods', 'Un-Order'),
(27, 2, 0, 0, 0, 2, 1, '2018-09-30 03:02:16', 0, 'Foods', 'Un-Order'),
(28, 2, 0, 0, 0, 2, 1, '2018-09-30 03:02:16', 0, 'Foods', 'Un-Order'),
(29, 2, 0, 0, 0, 2, 1, '2018-09-30 03:02:16', 0, 'Foods', 'Un-Order'),
(30, 2, 0, 0, 0, 2, 1, '2018-09-30 03:59:53', 0, 'Foods', 'Un-Order'),
(31, 2, 0, 0, 0, 2, 1, '2018-09-30 03:59:54', 0, 'Foods', 'Un-Order'),
(32, 2, 0, 0, 0, 2, 1, '2018-09-30 03:59:54', 0, 'Foods', 'Un-Order'),
(33, 2, 0, 0, 0, 1, 3, '2018-09-30 04:02:36', 8, 'Foods', 'Un-Order'),
(34, 2, 0, 0, 0, 2, 2, '2018-09-30 04:11:36', 8, 'Foods', 'Un-Order'),
(35, 2, 0, 0, 0, 1, 3, '2018-09-30 04:11:37', 8, 'Foods', 'Un-Order'),
(36, 2, 0, 0, 0, 1, 1, '2018-09-30 04:11:37', 8, 'Foods', 'Un-Order'),
(37, 2, 0, 0, 0, 1, 1, '2018-09-30 04:18:27', 8, 'Foods', 'Un-Order'),
(38, 2, 0, 0, 0, 1, 1, '2018-09-30 04:18:27', 8, 'Foods', 'Un-Order'),
(39, 2, 0, 0, 0, 3, 3, '2018-09-30 05:11:03', 8, 'Drinks', 'Un-Order'),
(40, 2, 0, 0, 0, 3, 1, '2018-09-30 05:11:03', 8, 'Drinks', 'Un-Order'),
(41, 2, 0, 0, 0, 3, 1, '2018-09-30 05:11:03', 8, 'Drinks', 'Un-Order'),
(42, 2, 0, 0, 0, 3, 2, '2018-09-30 05:45:12', 8, 'Drinks', 'Un-Order'),
(43, 2, 0, 0, 0, 3, 3, '2018-09-30 05:45:12', 8, 'Drinks', 'Un-Order'),
(44, 2, 0, 0, 0, 2, 3, '2018-09-30 05:45:12', 8, 'Foods', 'Un-Order'),
(45, 2, 0, 0, 0, 3, 2, '2018-09-30 05:57:56', 8, 'Drinks', 'Un-Order'),
(46, 2, 0, 0, 0, 2, 3, '2018-09-30 05:57:57', 8, 'Foods', 'Un-Order'),
(47, 2, 0, 0, 0, 1, 1, '2018-09-30 05:57:57', 8, 'Foods', 'Un-Order'),
(48, 2, 0, 0, 0, 1, 1, '2018-09-30 05:59:54', 8, 'Foods', 'Un-Order'),
(49, 2, 0, 0, 0, 3, 3, '2018-09-30 05:59:54', 8, 'Drinks', 'Un-Order'),
(50, 2, 0, 0, 0, 2, 3, '2018-09-30 06:01:37', 8, 'Foods', 'Un-Order'),
(51, 2, 0, 0, 0, 1, 1, '2018-09-30 06:01:37', 8, 'Foods', 'Un-Order'),
(52, 2, 0, 0, 0, 3, 77, '2018-09-30 06:09:24', 8, 'Drinks', 'Un-Order'),
(53, 2, 0, 0, 0, 2, 3, '2018-09-30 21:31:10', 8, 'Foods', 'Un-Order'),
(54, 2, 0, 0, 0, 3, 3, '2018-09-30 21:31:10', 8, 'Drinks', 'Un-Order'),
(55, 2, 0, 0, 0, 1, 3, '2018-09-30 21:31:10', 8, 'Foods', 'Un-Order'),
(56, 2, 0, 0, 0, 2, 2, '2018-10-01 05:20:22', 8, 'Foods', 'Un-Order'),
(57, 2, 0, 0, 0, 2, 3, '2018-10-01 10:13:36', 8, 'Foods', 'Un-Order'),
(58, 2, 0, 0, 0, 2, 2, '2018-10-01 10:17:40', 8, 'Foods', 'Un-Order'),
(59, 2, 0, 0, 0, 2, 2, '2018-10-01 10:17:40', 8, 'Foods', 'Un-Order'),
(60, 2, 0, 0, 0, 3, 3, '2018-10-01 11:35:00', 8, 'Drinks', 'Un-Order'),
(61, 2, 0, 0, 0, 3, 3, '2018-10-01 11:35:01', 8, 'Drinks', 'Un-Order'),
(62, 2, 0, 0, 0, 3, 3, '2018-10-01 11:35:01', 8, 'Drinks', 'Un-Order'),
(63, 2, 0, 0, 0, 2, 2, '2018-10-01 21:08:29', 8, 'Foods', 'Un-Order'),
(64, 2, 0, 0, 0, 1, 2, '2018-10-01 21:08:28', 8, 'Foods', 'Un-Order'),
(65, 2, 0, 0, 0, 1, 3, '2018-10-01 21:36:50', 8, 'Foods', 'Un-Order'),
(66, 2, 0, 0, 0, 1, 1, '2018-10-01 21:36:50', 8, 'Foods', 'Un-Order'),
(67, 2, 0, 0, 0, 1, 1, '2018-10-01 21:36:50', 8, 'Foods', 'Un-Order'),
(68, 2, 0, 0, 0, 2, 3, '2018-10-01 21:42:51', 8, 'Foods', 'Un-Order'),
(69, 2, 0, 0, 0, 1, 2, '2018-10-01 21:42:51', 8, 'Foods', 'Un-Order'),
(70, 2, 0, 0, 0, 3, 2, '2018-10-01 21:42:51', 8, 'Drinks', 'Un-Order'),
(71, 2, 0, 0, 0, 2, 2, '2018-10-01 21:43:28', 8, 'Foods', 'Un-Order'),
(72, 2, 0, 0, 0, 2, 1, '2018-10-01 21:43:29', 8, 'Foods', 'Un-Order'),
(73, 2, 0, 0, 0, 5, 3, '2018-10-03 21:12:39', 8, 'Drinks', 'Un-Order'),
(74, 2, 0, 0, 0, 2, 3, '2018-10-03 21:12:39', 8, 'Foods', 'Un-Order'),
(75, 2, 0, 0, 0, 3, 2, '2018-10-05 03:38:07', 8, 'Drinks', 'Un-Order'),
(76, 2, 0, 0, 0, 3, 2, '2018-10-05 03:40:06', 8, 'Drinks', 'Un-Order'),
(77, 2, 0, 0, 0, 3, 2, '2018-10-05 03:50:57', 8, 'Drinks', 'Un-Order'),
(78, 2, 0, 0, 0, 2, 1, '2018-10-05 05:51:52', 8, 'Foods', 'Un-Order'),
(79, 2, 0, 0, 0, 2, 4, '2018-10-05 06:02:11', 8, 'Foods', 'Un-Order'),
(80, 2, 0, 0, 0, 3, 5, '2018-10-05 06:03:19', 8, 'Drinks', 'Un-Order'),
(81, 2, 0, 0, 0, 8, 2, '2018-10-08 04:42:59', 8, 'Drinks', 'Un-Order'),
(82, 2, 0, 0, 0, 8, 3, '2018-10-08 11:54:26', 8, 'Drinks', 'Un-Order'),
(83, 2, 0, 0, 0, 2, 3, '2018-10-08 20:40:26', 8, 'Foods', 'Un-Order'),
(84, 2, 0, 0, 0, 2, 3, '2018-10-09 00:26:45', 8, 'Foods', 'Un-Order'),
(85, 2, 0, 0, 0, 3, 1, '2018-10-09 01:50:25', 8, 'Drinks', 'Un-Order'),
(86, 2, 0, 0, 0, 2, 3, '2018-10-09 02:32:05', 8, 'Foods', 'Un-Order'),
(87, 2, 0, 0, 0, 8, 2, '2018-10-09 02:32:05', 8, 'Drinks', 'Un-Order'),
(88, 2, 0, 0, 0, 4, 3, '2018-10-09 02:32:05', 8, 'Drinks', 'Un-Order'),
(89, 2, 0, 0, 0, 3, 3, '2018-10-09 05:58:22', 8, 'Drinks', 'Un-Order'),
(90, 2, 0, 0, 0, 2, 3, '2018-10-09 05:58:22', 8, 'Foods', 'Un-Order'),
(91, 2, 0, 0, 0, 2, 1, '2018-10-09 10:51:32', 8, 'Foods', 'Un-Order'),
(92, 2, 0, 0, 0, 8, 2, '2018-10-09 10:51:32', 8, 'Drinks', 'Un-Order'),
(93, 2, 0, 0, 0, 4, 1, '2018-10-09 10:51:32', 8, 'Drinks', 'Un-Order'),
(94, 2, 0, 0, 0, 2, 1, '2018-10-09 18:45:17', 8, 'Foods', 'Un-Order'),
(95, 2, 0, 0, 0, 3, 1, '2018-10-09 18:45:17', 8, 'Drinks', 'Un-Order'),
(96, 2, 0, 0, 0, 4, 1, '2018-10-09 18:45:17', 8, 'Drinks', 'Un-Order'),
(97, 2, 0, 0, 0, 2, 2, '2018-10-09 18:45:17', 8, 'Foods', 'Un-Order'),
(98, 2, 0, 0, 0, 8, 3, '2018-10-10 03:04:15', 8, 'Drinks', 'Un-Order'),
(99, 2, 0, 0, 0, 4, 1, '2018-10-10 03:04:14', 8, 'Drinks', 'Un-Order'),
(100, 2, 0, 0, 0, 3, 1, '2018-10-10 03:52:35', 8, 'Drinks', 'Un-Order'),
(101, 2, 0, 0, 0, 2, 1, '2018-10-10 06:01:48', 8, 'Foods', 'Un-Order'),
(102, 2, 0, 0, 0, 2, 3, '2018-10-12 03:49:47', 8, 'Foods', 'Un-Order'),
(103, 2, 0, 0, 0, 1, 3, '2018-10-12 03:49:47', 8, 'Foods', 'Un-Order'),
(104, 2, 0, 0, 0, 7, 3, '2018-10-12 03:49:47', 8, 'Foods', 'Un-Order'),
(105, 2, 0, 0, 0, 4, 2, '2018-10-12 06:39:06', 8, 'Drinks', 'Un-Order'),
(106, 2, 0, 0, 0, 3, 3, '2018-10-12 06:39:06', 8, 'Drinks', 'Un-Order'),
(107, 2, 0, 0, 0, 1, 4, '2018-10-12 06:39:06', 8, 'Foods', 'Un-Order'),
(108, 2, 0, 0, 0, 1, 2, '2018-10-12 06:41:20', 8, 'Foods', 'Un-Order'),
(109, 2, 0, 0, 0, 3, 1, '2018-10-12 06:41:20', 8, 'Drinks', 'Un-Order'),
(110, 2, 0, 0, 0, 2, 2, '2018-10-12 06:41:20', 8, 'Foods', 'Un-Order'),
(111, 2, 0, 0, 0, 4, 1, '2018-10-12 19:59:02', 8, 'Drinks', 'Un-Order'),
(112, 2, 0, 0, 0, 1, 1, '2018-10-12 19:59:02', 8, 'Foods', 'Un-Order'),
(113, 2, 0, 0, 0, 7, 1, '2018-10-12 19:59:02', 8, 'Foods', 'Un-Order'),
(114, 2, 0, 0, 0, 2, 2, '2018-10-12 20:29:15', 8, 'Foods', 'Un-Order'),
(115, 2, 0, 0, 0, 1, 1, '2018-10-12 20:29:15', 8, 'Foods', 'Un-Order'),
(116, 2, 0, 0, 0, 7, 1, '2018-10-12 20:29:15', 8, 'Foods', 'Un-Order'),
(117, 2, 0, 0, 0, 1, 1, '2018-10-12 20:29:15', 8, 'Foods', 'Un-Order'),
(118, 2, 0, 0, 0, 6, 1, '2018-10-12 20:29:15', 8, 'Foods', 'Un-Order'),
(119, 2, 0, 0, 0, 2, 3, '2018-10-12 20:32:33', 8, 'Foods', 'Un-Order'),
(120, 2, 0, 0, 0, 1, 2, '2018-10-12 20:32:33', 8, 'Foods', 'Un-Order'),
(121, 2, 0, 0, 0, 4, 2, '2018-10-12 20:34:45', 8, 'Drinks', 'Un-Order'),
(122, 2, 0, 0, 0, 2, 3, '2018-10-12 20:34:45', 8, 'Foods', 'Un-Order'),
(123, 2, 0, 0, 0, 1, 4, '2018-10-12 20:34:45', 8, 'Foods', 'Un-Order'),
(124, 2, 0, 0, 0, 2, 4, '2018-10-13 03:17:37', 8, 'Foods', 'Un-Order'),
(125, 2, 0, 0, 0, 1, 4, '2018-10-13 03:17:37', 8, 'Foods', 'Un-Order'),
(126, 2, 0, 0, 0, 4, 4, '2018-10-13 03:17:37', 8, 'Drinks', 'Un-Order'),
(127, 2, 0, 0, 0, 8, 4, '2018-10-13 03:17:38', 8, 'Drinks', 'Un-Order'),
(128, 2, 0, 0, 0, 1, 3, '2018-10-13 09:48:30', 8, 'Foods', 'Un-Order'),
(129, 2, 0, 0, 0, 4, 3, '2018-10-14 18:58:07', 8, 'Drinks', 'Un-Order'),
(130, 2, 0, 0, 0, 2, 2, '2018-10-16 04:02:32', 8, 'Foods', 'Un-Order'),
(131, 2, 0, 0, 0, 1, 1, '2018-10-16 04:07:53', 8, 'Foods', 'Un-Order'),
(132, 2, 0, 0, 0, 4, 3, '2018-10-16 04:09:28', 8, 'Drinks', 'Un-Order'),
(133, 2, 0, 0, 0, 6, 4, '2018-10-16 04:09:28', 8, 'Foods', 'Un-Order'),
(134, 2, 0, 0, 0, 8, 3, '2018-10-16 04:09:28', 8, 'Drinks', 'Un-Order'),
(135, 2, 0, 0, 0, 1, 5, '2018-10-16 04:12:44', 8, 'Foods', 'Un-Order'),
(136, 2, 0, 0, 0, 1, 1, '2018-10-16 04:12:45', 8, 'Foods', 'Un-Order'),
(137, 2, 0, 0, 0, 1, 1, '2018-10-16 04:12:45', 8, 'Foods', 'Un-Order'),
(138, 2, 0, 0, 0, 2, 2, '2018-10-16 04:12:45', 8, 'Foods', 'Un-Order'),
(139, 2, 0, 0, 0, 4, 1, '2018-10-16 04:12:45', 8, 'Drinks', 'Un-Order'),
(140, 2, 0, 0, 0, 8, 2, '2018-10-16 04:18:17', 8, 'Drinks', 'Un-Order'),
(141, 2, 0, 0, 0, 8, 1, '2018-10-16 04:18:17', 8, 'Drinks', 'Un-Order'),
(142, 2, 0, 0, 0, 2, 1, '2018-10-16 09:12:52', 8, 'Foods', 'Un-Order'),
(143, 2, 0, 0, 0, 4, 3, '2018-10-17 04:13:55', 8, 'Drinks', 'Un-Order'),
(144, 2, 0, 0, 0, 2, 2, '2018-10-17 04:32:59', 8, 'Foods', 'Un-Order'),
(145, 2, 0, 0, 0, 2, 1, '2018-10-17 04:32:59', 8, 'Foods', 'Un-Order'),
(146, 2, 0, 0, 0, 2, 2, '2018-10-17 04:45:11', 8, 'Foods', 'Un-Order'),
(147, 2, 0, 0, 0, 1, 1, '2018-10-17 04:45:11', 8, 'Foods', 'Un-Order'),
(148, 2, 0, 0, 0, 4, 1, '2018-10-17 10:34:41', 8, 'Drinks', 'Un-Order'),
(149, 2, 0, 0, 0, 6, 1, '2018-10-17 10:34:41', 8, 'Foods', 'Un-Order'),
(150, 2, 0, 0, 0, 2, 1, '2018-10-17 10:34:41', 8, 'Foods', 'Un-Order'),
(151, 2, 0, 0, 0, 2, 2, '2018-10-17 10:38:43', 8, 'Foods', 'Un-Order'),
(152, 2, 0, 0, 0, 1, 1, '2018-10-17 10:38:43', 8, 'Foods', 'Un-Order'),
(153, 2, 0, 0, 0, 3, 2, '2018-10-17 10:38:43', 8, 'Drinks', 'Un-Order'),
(154, 2, 0, 0, 0, 4, 1, '2018-10-17 10:38:43', 8, 'Drinks', 'Un-Order'),
(155, 2, 0, 0, 0, 2, 1, '2018-10-17 10:40:28', 8, 'Foods', 'Un-Order'),
(156, 2, 0, 0, 0, 2, 1, '2018-10-17 20:07:56', 8, 'Foods', 'Un-Order'),
(157, 2, 0, 0, 0, 4, 5, '2018-10-17 20:07:56', 8, 'Drinks', 'Un-Order'),
(165, 1, 295, 1, 0, 2, 2, '2018-10-18 07:54:15', 0, 'Foods', 'Un-Order'),
(166, 1, 295, 1, 0, 2, 5, '2018-10-18 07:54:15', 0, 'Foods', 'Un-Order'),
(167, 1, 295, 1, 0, 2, 5, '2018-10-18 07:54:15', 0, 'Foods', 'Un-Order'),
(168, 1, 295, 1, 0, 2, 3, '2018-10-18 07:54:15', 0, 'Foods', 'Un-Order'),
(169, 1, 295, 1, 0, 2, 3, '2018-10-18 07:54:15', 0, 'Foods', 'Un-Order'),
(170, 1, 295, 1, 0, 2, 3, '2018-10-18 07:54:16', 0, 'Foods', 'Un-Order'),
(171, 1, 295, 19, 0, 2, 3, '2018-10-18 07:54:16', 0, 'Foods', 'Un-Order'),
(172, 1, 295, 19, 0, 2, 3, '2018-10-18 08:08:19', 0, 'Foods', 'Un-Order'),
(173, 1, 295, 19, 0, 2, 3, '2018-10-18 08:08:20', 0, 'Foods', 'Un-Order'),
(174, 1, 295, 19, 0, 2, 3, '2018-10-18 08:34:43', 10, 'Foods', 'Un-Order'),
(175, 1, 295, 19, 0, 2, 3, '2018-10-18 08:34:43', 10, 'Foods', 'Un-Order'),
(176, 1, 295, 19, 0, 2, 3, '2018-10-18 08:34:43', 10, 'Foods', 'Un-Order'),
(177, 1, 295, 19, 0, 2, 3, '2018-10-18 08:37:23', 10, 'Foods', 'Un-Order'),
(178, 1, 295, 19, 0, 2, 3, '2018-10-18 08:37:23', 10, 'Foods', 'Un-Order'),
(179, 1, 295, 19, 0, 2, 3, '2018-10-18 08:46:10', 10, 'Foods', 'Un-Order'),
(180, 1, 295, 19, 0, 2, 3, '2018-10-18 08:46:11', 10, 'Foods', 'Un-Order'),
(181, 1, 295, 19, 0, 2, 3, '2018-10-18 08:46:11', 10, 'Foods', 'Un-Order'),
(182, 1, 295, 19, 0, 2, 3, '2018-10-18 08:49:06', 10, 'Foods', 'Un-Order'),
(183, 1, 295, 19, 0, 2, 3, '2018-10-18 08:49:06', 10, 'Foods', 'Un-Order'),
(184, 1, 295, 19, 0, 2, 3, '2018-10-18 08:49:06', 10, 'Foods', 'Un-Order'),
(185, 1, 295, 19, 0, 2, 3, '2018-10-18 08:49:06', 10, 'Foods', 'Un-Order'),
(186, 1, 295, 19, 0, 2, 3, '2018-10-18 08:55:21', 10, 'Foods', 'Un-Order'),
(187, 1, 295, 19, 0, 2, 3, '2018-10-18 08:55:21', 10, 'Foods', 'Un-Order'),
(188, 1, 295, 19, 0, 2, 3, '2018-10-18 08:59:59', 10, 'Foods', 'Un-Order'),
(189, 1, 295, 19, 0, 2, 3, '2018-10-18 08:59:59', 10, 'Foods', 'Un-Order'),
(190, 1, 295, 19, 0, 2, 3, '2018-10-18 08:59:59', 10, 'Foods', 'Un-Order'),
(191, 1, 295, 19, 0, 2, 3, '2018-10-18 08:59:59', 10, 'Foods', 'Un-Order'),
(192, 1, 297, 22, 0, 5, 2, '2018-10-18 11:36:32', 10, 'Drinks', 'Un-Order'),
(193, 1, 297, 22, 0, 5, 2, '2018-10-18 11:36:32', 10, 'Drinks', 'Un-Order'),
(194, 1, 299, 21, 0, 5, 1, '2018-10-18 12:00:31', 10, 'Drinks', 'Order'),
(195, 1, 299, 21, 0, 12, 1, '2018-10-19 05:59:23', 10, 'Foods', 'Un-Order'),
(196, 1, 299, 21, 0, 11, 2, '2018-10-19 05:59:23', 10, 'Drinks', 'Un-Order'),
(197, 1, 299, 21, 0, 12, 4, '2018-10-19 07:40:14', 10, 'Foods', 'Un-Order'),
(198, 1, 299, 21, 0, 12, 4, '2018-10-19 07:40:14', 10, 'Foods', 'Un-Order'),
(199, 1, 299, 21, 0, 12, 13, '2018-10-19 07:40:14', 10, 'Foods', 'Un-Order'),
(200, 1, 299, 21, 0, 12, 13, '2018-10-19 07:40:14', 10, 'Foods', 'Un-Order'),
(201, 1, 299, 21, 0, 12, 13, '2018-10-19 07:41:04', 10, 'Foods', 'Un-Order'),
(202, 1, 299, 21, 0, 11, 1, '2018-10-19 07:41:04', 10, 'Drinks', 'Un-Order'),
(213, 1, 299, 21, 0, 11, 3, '2018-10-19 08:34:43', 10, 'Drinks', 'Un-Order'),
(214, 1, 299, 21, 0, 12, 2, '2018-10-19 08:34:43', 10, 'Foods', 'Un-Order'),
(215, 1, 299, 21, 0, 12, 1, '2018-10-19 08:41:19', 10, 'Foods', 'Un-Order'),
(216, 1, 299, 21, 0, 11, 1, '2018-10-19 08:41:19', 10, 'Drinks', 'Un-Order'),
(217, 1, 299, 21, 0, 12, 13, '2018-10-19 08:44:26', 10, 'Foods', 'Un-Order'),
(218, 1, 299, 21, 0, 12, 3, '2018-10-19 08:54:19', 10, 'Foods', 'Un-Order'),
(219, 1, 299, 21, 0, 11, 7, '2018-10-19 09:08:15', 10, 'Drinks', 'Un-Order'),
(220, 1, 293, 18, 0, 11, 3, '2018-10-19 09:09:41', 10, 'Drinks', 'Un-Order'),
(221, 1, 296, 20, 0, 12, 1, '2018-10-19 09:13:14', 10, 'Foods', 'Un-Order'),
(222, 1, 296, 20, 0, 11, 1, '2018-10-19 09:13:14', 10, 'Drinks', 'Un-Order'),
(223, 1, 296, 20, 0, 11, 5, '2018-10-19 09:13:14', 10, 'Drinks', 'Un-Order'),
(226, 1, 293, 18, 0, 11, 7, '2018-10-19 12:28:31', 10, 'Drinks', 'Un-Order'),
(227, 1, 293, 18, 0, 11, 8, '2018-10-19 12:28:31', 10, 'Drinks', 'Un-Order'),
(228, 1, 295, 23, 0, 12, 4, '2018-10-19 18:48:37', 10, 'Foods', 'Un-Order'),
(229, 1, 295, 23, 0, 12, 2, '2018-10-19 18:48:37', 10, 'Foods', 'Un-Order'),
(230, 1, 296, 23, 0, 12, 5, '2018-10-19 18:51:35', 10, 'Foods', 'Un-Order'),
(231, 1, 296, 23, 0, 11, 3, '2018-10-19 18:51:35', 10, 'Drinks', 'Un-Order'),
(234, 1, 295, 23, 0, 12, 4, '2018-10-19 21:34:40', 10, 'Foods', 'Un-Order'),
(235, 1, 295, 23, 0, 11, 5, '2018-10-19 21:34:40', 10, 'Drinks', 'Un-Order'),
(236, 1, 295, 23, 0, 12, 1, '2018-10-19 21:38:41', 10, 'Foods', 'Un-Order'),
(237, 1, 295, 23, 0, 11, 2, '2018-10-19 21:38:41', 10, 'Drinks', 'Un-Order'),
(238, 1, 295, 23, 0, 11, 5, '2018-10-19 22:14:14', 10, 'Drinks', 'Un-Order'),
(239, 1, 295, 23, 0, 12, 3, '2018-10-19 22:20:14', 10, 'Foods', 'Un-Order'),
(240, 1, 295, 23, 0, 11, 3, '2018-10-19 22:20:14', 10, 'Drinks', 'Un-Order'),
(241, 1, 295, 23, 0, 12, 2, '2018-10-20 02:15:16', 10, 'Foods', 'Un-Order'),
(242, 1, 295, 23, 0, 12, 2, '2018-10-20 02:15:16', 10, 'Foods', 'Un-Order'),
(243, 1, 296, 23, 0, 12, 1, '2018-10-20 02:24:24', 10, 'Foods', 'Un-Order'),
(244, 1, 295, 23, 0, 11, 2, '2018-10-20 05:24:49', 10, 'Drinks', 'Un-Order'),
(245, 1, 295, 23, 0, 11, 2, '2018-10-20 05:24:50', 10, 'Drinks', 'Un-Order'),
(246, 1, 295, 23, 0, 11, 2, '2018-10-20 05:24:50', 10, 'Drinks', 'Un-Order'),
(247, 1, 299, 21, 0, 13, 2, '2018-10-20 07:32:47', 10, 'Foods', 'Un-Order'),
(248, 1, 295, 23, 0, 13, 1, '2018-10-20 08:21:51', 10, 'Foods', 'Un-Order'),
(249, 1, 295, 23, 0, 11, 2, '2018-10-20 08:21:52', 10, 'Drinks', 'Un-Order'),
(250, 1, 295, 23, 0, 11, 4, '2018-10-20 08:21:52', 10, 'Drinks', 'Un-Order'),
(251, 1, 299, 21, 0, 11, 3, '2018-10-20 08:24:08', 10, 'Drinks', 'Un-Order'),
(252, 1, 295, 23, 0, 11, 5, '2018-10-20 08:34:04', 10, 'Drinks', 'Un-Order'),
(253, 1, 295, 23, 0, 11, 2, '2018-10-20 08:46:16', 10, 'Drinks', 'Un-Order'),
(254, 1, 296, 23, 0, 11, 3, '2018-10-20 09:18:24', 10, 'Drinks', 'Un-Order'),
(255, 1, 295, 23, 0, 12, 8, '2018-10-20 09:27:33', 10, 'Foods', 'Un-Order'),
(256, 1, 295, 23, 0, 12, 8, '2018-10-20 09:27:33', 10, 'Foods', 'Un-Order'),
(257, 1, 295, 0, 0, 11, 3, '2018-10-20 21:11:21', 0, 'Drinks', 'Un-Order'),
(258, 1, 293, 25, 0, 12, 1, '2018-10-20 21:11:21', 10, 'Foods', 'Un-Order'),
(259, 1, 297, 25, 0, 12, 4, '2018-10-20 23:30:11', 10, 'Foods', 'Un-Order'),
(260, 1, 297, 25, 0, 12, 1, '2018-10-20 23:30:11', 10, 'Foods', 'Un-Order'),
(261, 1, 299, 25, 0, 11, 2, '2018-10-20 23:31:59', 10, 'Drinks', 'Un-Order'),
(262, 1, 296, 25, 0, 12, 3, '2018-10-20 23:37:39', 10, 'Foods', 'Un-Order'),
(263, 1, 293, 26, 0, 12, 13, '2018-10-21 00:09:52', 10, 'Foods', 'Un-Order'),
(264, 1, 293, 26, 0, 11, 12, '2018-10-21 00:09:53', 10, 'Drinks', 'Un-Order'),
(265, 2, 0, 0, 0, 12, 1, '2018-10-21 01:48:26', 8, 'Foods', 'Un-Order'),
(266, 2, 0, 0, 0, 11, 2, '2018-10-21 01:48:26', 8, 'Drinks', 'Un-Order'),
(267, 1, 298, 26, 0, 11, 7, '2018-10-21 02:04:19', 10, 'Drinks', 'Un-Order'),
(268, 1, 295, 27, 0, 12, 2, '2018-10-21 05:47:58', 13, 'Foods', 'Un-Order'),
(269, 1, 296, 27, 0, 12, 3, '2018-10-21 06:17:23', 13, 'Foods', 'Un-Order'),
(270, 1, 296, 27, 0, 12, 3, '2018-10-21 06:19:56', 13, 'Foods', 'Un-Order'),
(271, 1, 296, 27, 0, 12, 3, '2018-10-21 06:19:56', 13, 'Foods', 'Un-Order'),
(272, 1, 296, 27, 0, 11, 2, '2018-10-21 06:19:56', 13, 'Drinks', 'Un-Order'),
(273, 1, 296, 27, 0, 12, 3, '2018-10-21 06:22:05', 13, 'Foods', 'Un-Order'),
(274, 1, 302, 28, 0, 12, 3, '2018-10-21 07:13:45', 13, 'Foods', 'Un-Order'),
(275, 1, 302, 28, 0, 11, 5, '2018-10-21 07:13:43', 13, 'Drinks', 'Un-Order'),
(276, 1, 293, 28, 0, 12, 12, '2018-10-21 07:27:11', 13, 'Foods', 'Un-Order'),
(277, 1, 293, 28, 0, 11, 10, '2018-10-21 07:27:11', 13, 'Drinks', 'Un-Order'),
(278, 1, 299, 29, 0, 12, 2, '2018-10-25 09:51:47', 10, 'Foods', 'Un-Order'),
(279, 1, 299, 29, 0, 14, 3, '2018-10-25 09:51:47', 10, 'Drinks', 'Un-Order'),
(280, 1, 300, 29, 0, 11, 4, '2018-10-25 09:52:17', 10, 'Drinks', 'Un-Order'),
(281, 2, 0, 0, 0, 14, 1, '2018-11-14 07:40:36', 8, 'Drinks', 'Un-Order'),
(282, 1, 304, 29, 0, 12, 3, '2018-11-14 07:45:29', 10, 'Foods', 'Un-Order'),
(283, 1, 304, 29, 0, 11, 1, '2018-11-14 07:45:29', 10, 'Drinks', 'Un-Order'),
(284, 1, 304, 29, 0, 14, 3, '2018-11-14 07:45:29', 10, 'Drinks', 'Un-Order');

-- --------------------------------------------------------

--
-- Table structure for table `order_num`
--

CREATE TABLE `order_num` (
  `order_num_id` int(11) NOT NULL,
  `order_num` int(11) NOT NULL
) ENGINE=InnoDB DEFAULT CHARSET=latin1;

--
-- Dumping data for table `order_num`
--

INSERT INTO `order_num` (`order_num_id`, `order_num`) VALUES
(1, 123);

-- --------------------------------------------------------

--
-- Table structure for table `order_type`
--

CREATE TABLE `order_type` (
  `order_type_id` int(11) NOT NULL,
  `order_type` varchar(100) NOT NULL COMMENT 'Dine-in; Take-out'
) ENGINE=InnoDB DEFAULT CHARSET=latin1;

--
-- Dumping data for table `order_type`
--

INSERT INTO `order_type` (`order_type_id`, `order_type`) VALUES
(1, 'Dine-In'),
(2, 'Take-Out');

-- --------------------------------------------------------

--
-- Table structure for table `payment_type`
--

CREATE TABLE `payment_type` (
  `payment_type_id` int(11) NOT NULL,
  `payment_type` varchar(100) NOT NULL COMMENT 'Cash; Cheque'
) ENGINE=InnoDB DEFAULT CHARSET=latin1;

--
-- Dumping data for table `payment_type`
--

INSERT INTO `payment_type` (`payment_type_id`, `payment_type`) VALUES
(1, 'Cash'),
(2, 'Cheque');

-- --------------------------------------------------------

--
-- Table structure for table `product`
--

CREATE TABLE `product` (
  `product_id` int(11) NOT NULL,
  `product_name` varchar(100) NOT NULL,
  `product_description` varchar(100) NOT NULL,
  `quantity` int(11) NOT NULL,
  `price` int(11) NOT NULL,
  `status_type_id` int(11) NOT NULL COMMENT 'Enabled; Disabled',
  `availability` varchar(100) NOT NULL COMMENT 'Available; Not-Available',
  `category_id` int(11) NOT NULL,
  `image` varchar(100) NOT NULL,
  `set_type_id` int(11) NOT NULL,
  `tuple_class_id` int(11) NOT NULL,
  `size_class_id` int(11) NOT NULL,
  `product_num_id` varchar(100) NOT NULL,
  `date_start` varchar(100) NOT NULL,
  `date_end` varchar(100) NOT NULL,
  `date_added` timestamp NOT NULL DEFAULT CURRENT_TIMESTAMP ON UPDATE CURRENT_TIMESTAMP
) ENGINE=InnoDB DEFAULT CHARSET=latin1;

--
-- Dumping data for table `product`
--

INSERT INTO `product` (`product_id`, `product_name`, `product_description`, `quantity`, `price`, `status_type_id`, `availability`, `category_id`, `image`, `set_type_id`, `tuple_class_id`, `size_class_id`, `product_num_id`, `date_start`, `date_end`, `date_added`) VALUES
(11, 'Coca Cola', 'Coca Cola', 969, 100, 1, 'Available', 14, 'tuna sisg.jpeg', 0, 0, 0, '1', '', '', '2018-11-14 07:45:09'),
(12, 'vanilla ice cream', 'vanilla ice cream', 794, 10, 1, 'Available', 12, 'images (1).jpeg', 0, 0, 0, '184', '', '', '2018-11-14 07:44:44'),
(13, 'salads', 'salads', 4, 100, 1, 'Available', 16, 'bulalo.jpeg', 0, 0, 0, '185', '', '', '2018-10-20 08:20:58'),
(14, 'natures spring', 'natures spring', 93, 100, 1, 'Available', 14, 'images.jpeg', 0, 0, 0, '216', '', '', '2018-11-14 07:45:19');

-- --------------------------------------------------------

--
-- Table structure for table `product_num`
--

CREATE TABLE `product_num` (
  `product_num_id` int(11) NOT NULL,
  `product_num` int(11) NOT NULL
) ENGINE=InnoDB DEFAULT CHARSET=latin1;

--
-- Dumping data for table `product_num`
--

INSERT INTO `product_num` (`product_num_id`, `product_num`) VALUES
(1, 1);

-- --------------------------------------------------------

--
-- Table structure for table `receipt`
--

CREATE TABLE `receipt` (
  `receipt_id` int(11) NOT NULL,
  `order_bill_out_id` int(11) NOT NULL,
  `payment_type_id` int(11) NOT NULL,
  `change_due` int(11) NOT NULL,
  `payment_amount` int(11) NOT NULL,
  `status` varchar(100) NOT NULL COMMENT 'paid; unpaid'
) ENGINE=InnoDB DEFAULT CHARSET=latin1;

--
-- Dumping data for table `receipt`
--

INSERT INTO `receipt` (`receipt_id`, `order_bill_out_id`, `payment_type_id`, `change_due`, `payment_amount`, `status`) VALUES
(1, 156, 1, 0, 0, ''),
(2, 157, 1, 0, 0, ''),
(3, 158, 1, 0, 0, ''),
(4, 156, 1, 0, 0, ''),
(5, 157, 1, 0, 0, ''),
(6, 158, 1, 0, 0, ''),
(7, 156, 1, 0, 0, ''),
(8, 157, 1, 0, 0, ''),
(9, 158, 1, 0, 0, ''),
(10, 156, 1, 0, 0, ''),
(11, 157, 1, 0, 0, ''),
(12, 158, 1, 0, 0, ''),
(13, 161, 1, 16, 0, ''),
(14, 162, 1, 16, 0, ''),
(15, 163, 1, 16, 0, ''),
(16, 164, 1, 16, 0, ''),
(17, 169, 1, 16, 0, ''),
(18, 170, 1, 16, 0, ''),
(19, 171, 1, 16, 0, ''),
(20, 169, 1, 16, 0, ''),
(21, 170, 1, 16, 0, ''),
(22, 171, 1, 16, 0, ''),
(23, 169, 1, 16, 0, ''),
(24, 170, 1, 16, 0, ''),
(25, 171, 1, 16, 0, ''),
(26, 169, 1, 16, 0, ''),
(27, 170, 1, 16, 0, ''),
(28, 171, 1, 16, 0, ''),
(29, 169, 1, 16, 0, ''),
(30, 170, 1, 16, 0, ''),
(31, 171, 1, 16, 0, ''),
(32, 169, 1, 16, 0, ''),
(33, 170, 1, 16, 0, ''),
(34, 171, 1, 16, 0, ''),
(35, 169, 1, 16, 0, ''),
(36, 170, 1, 16, 0, ''),
(37, 171, 1, 16, 0, ''),
(38, 169, 1, 16, 0, ''),
(39, 170, 1, 16, 0, ''),
(40, 171, 1, 16, 0, ''),
(41, 169, 1, 16, 0, ''),
(42, 170, 1, 16, 0, ''),
(43, 171, 1, 16, 0, ''),
(44, 169, 1, 16, 0, ''),
(45, 170, 1, 16, 0, ''),
(46, 171, 1, 16, 0, ''),
(47, 172, 1, -8608, 0, ''),
(48, 54, 1, -8608, 0, ''),
(49, 173, 1, -8608, 0, ''),
(50, 174, 1, -8608, 0, ''),
(51, 175, 1, 16, 0, ''),
(52, 176, 1, 16, 0, ''),
(53, 177, 1, 16, 0, ''),
(54, 178, 1, 16, 0, ''),
(55, 179, 1, 16, 0, ''),
(56, 180, 1, 16, 0, ''),
(57, 178, 1, -320, 0, ''),
(58, 181, 1, -320, 0, ''),
(59, 179, 1, -320, 0, ''),
(60, 182, 1, -320, 0, ''),
(61, 180, 1, -320, 0, ''),
(62, 183, 1, -320, 0, ''),
(63, 184, 1, -656, 688, 'Paid'),
(64, 185, 1, -656, 688, 'Paid'),
(65, 189, 1, -656, 688, 'Paid'),
(66, 190, 1, -656, 688, 'Paid'),
(67, 186, 1, -656, 688, 'Paid'),
(68, 191, 1, -656, 688, 'Paid'),
(69, 187, 1, -656, 688, 'Paid'),
(70, 192, 1, -656, 688, 'Paid'),
(71, 188, 1, -656, 688, 'Paid'),
(72, 193, 1, -656, 688, 'Paid'),
(73, 194, 1, 16, 576, 'Paid'),
(74, 195, 1, 16, 576, 'Paid'),
(75, 196, 1, 16, 1024, 'Paid'),
(76, 197, 1, 16, 1024, 'Paid'),
(77, 198, 1, 16, 1024, 'Paid'),
(90, 199, 1, 16, 1808, 'Paid'),
(91, 200, 1, 16, 1808, 'Paid'),
(92, 201, 1, 16, 1808, 'Paid'),
(93, 202, 1, 16, 1808, 'Paid'),
(94, 203, 1, 16, 352, 'Paid'),
(95, 216, 1, 16, 352, 'Paid'),
(96, 217, 1, 16, 352, 'Paid'),
(97, 218, 1, 16, 128, 'Paid'),
(98, 219, 1, 0, 336, 'Paid'),
(99, 220, 1, 0, 336, 'Paid'),
(100, 221, 1, 0, 336, 'Paid'),
(101, 222, 1, 6, 342, 'Paid'),
(102, 223, 1, 6, 342, 'Paid'),
(103, 224, 1, 6, 342, 'Paid'),
(104, 225, 1, 6, 342, 'Paid'),
(105, 226, 1, 6, 342, 'Paid'),
(106, 227, 1, 6, 678, 'Paid'),
(107, 228, 1, 6, 678, 'Paid'),
(108, 229, 1, 6, 678, 'Paid'),
(109, 230, 1, 6, 678, 'Paid'),
(110, 231, 1, 16, 128, 'Paid'),
(111, 287, 1, 0, 818, 'Paid'),
(112, 286, 1, 0, 818, 'Paid'),
(113, 0, 1, 0, 0, 'Paid'),
(114, 0, 1, 0, 0, 'Paid'),
(115, 0, 1, 1145, 1445, 'Paid'),
(116, 0, 1, 1145, 1445, 'Paid'),
(117, 0, 1, 1145, 1445, 'Paid'),
(118, 0, 1, 1145, 1445, 'Paid'),
(119, 0, 1, 1145, 1445, 'Paid'),
(120, 0, 1, 1145, 1445, 'Paid'),
(121, 0, 1, 1145, 1445, 'Paid'),
(122, 0, 1, 1145, 1445, 'Paid'),
(123, 0, 1, 1145, 1445, 'Paid'),
(124, 0, 1, 1145, 1445, 'Paid'),
(125, 0, 1, 1145, 1445, 'Paid'),
(126, 0, 1, 1145, 1445, 'Paid'),
(127, 0, 1, 1145, 1445, 'Paid'),
(128, 0, 1, 1145, 1445, 'Paid'),
(129, 0, 1, 1145, 1445, 'Paid'),
(130, 0, 1, 1145, 1445, 'Paid'),
(131, 0, 1, 1145, 1445, 'Paid'),
(132, 0, 1, 1145, 1445, 'Paid'),
(133, 0, 1, 1145, 1445, 'Paid'),
(134, 0, 1, 1145, 1445, 'Paid'),
(135, 0, 1, 1145, 1445, 'Paid'),
(136, 0, 1, 1145, 1445, 'Paid'),
(137, 0, 1, 1145, 1445, 'Paid'),
(138, 0, 1, 1145, 1445, 'Paid'),
(139, 0, 1, 1145, 1445, 'Paid'),
(140, 0, 1, 1145, 1445, 'Paid'),
(141, 0, 1, 1145, 1445, 'Paid'),
(142, 0, 1, 1145, 1445, 'Paid'),
(143, 0, 1, 1145, 1445, 'Paid'),
(144, 0, 1, 1145, 1445, 'Paid'),
(145, 0, 1, 1145, 1445, 'Paid'),
(146, 0, 1, 1145, 1445, 'Paid'),
(147, 0, 1, 1145, 1445, 'Paid'),
(148, 0, 1, 1145, 1445, 'Paid'),
(149, 0, 1, 1145, 1445, 'Paid'),
(150, 0, 1, 1145, 1445, 'Paid'),
(151, 0, 1, 1145, 1445, 'Paid'),
(152, 0, 1, 1145, 1445, 'Paid'),
(153, 0, 1, 1145, 1445, 'Paid'),
(154, 0, 1, 1145, 1445, 'Paid'),
(155, 0, 1, 1145, 1445, 'Paid'),
(156, 0, 1, 1145, 1445, 'Paid'),
(157, 302, 1, 1145, 1445, 'Paid'),
(158, 302, 1, 1145, 1445, 'Paid'),
(159, 302, 1, 1145, 1445, 'Paid'),
(160, 302, 1, 1145, 1445, 'Paid'),
(161, 302, 1, 1145, 1445, 'Paid'),
(162, 302, 1, 1145, 1445, 'Paid'),
(163, 302, 1, 1145, 1445, 'Paid'),
(164, 302, 1, 1145, 1445, 'Paid'),
(165, 302, 1, 1145, 1445, 'Paid'),
(166, 302, 1, 1145, 1445, 'Paid'),
(167, 302, 1, 1145, 1445, 'Paid'),
(168, 302, 1, 1145, 1445, 'Paid'),
(169, 302, 1, 1145, 1445, 'Paid'),
(170, 302, 1, 1145, 1445, 'Paid'),
(171, 302, 1, 1145, 1445, 'Paid'),
(172, 302, 1, 1145, 1445, 'Paid'),
(173, 302, 1, 1145, 1445, 'Paid'),
(174, 302, 1, 1145, 1445, 'Paid'),
(175, 302, 1, 1145, 1445, 'Paid'),
(176, 302, 1, 1145, 1445, 'Paid'),
(177, 302, 1, 1145, 1445, 'Paid'),
(178, 302, 1, 1145, 1445, 'Paid'),
(179, 302, 1, 1145, 1445, 'Paid'),
(180, 302, 1, 1145, 1445, 'Paid'),
(181, 302, 1, 1145, 1445, 'Paid'),
(182, 302, 1, 1145, 1445, 'Paid'),
(183, 302, 1, 1145, 1445, 'Paid'),
(184, 302, 1, 1145, 1445, 'Paid'),
(185, 302, 1, 1145, 1445, 'Paid'),
(186, 302, 1, 1145, 1445, 'Paid'),
(187, 302, 1, 1145, 1445, 'Paid'),
(188, 302, 1, 1145, 1445, 'Paid'),
(189, 302, 1, 1145, 1445, 'Paid'),
(190, 302, 1, 1145, 1445, 'Paid'),
(191, 302, 1, 1145, 1445, 'Paid'),
(192, 302, 1, 1145, 1445, 'Paid'),
(193, 302, 1, 1145, 1445, 'Paid'),
(194, 302, 1, 1145, 1445, 'Paid'),
(195, 302, 1, 1145, 1445, 'Paid'),
(196, 302, 1, 1145, 1445, 'Paid'),
(197, 302, 1, 1145, 1445, 'Paid'),
(198, 302, 1, 1145, 1445, 'Paid'),
(199, 302, 1, 1145, 1445, 'Paid'),
(200, 302, 1, 1145, 1445, 'Paid'),
(201, 302, 1, 1145, 1445, 'Paid'),
(202, 302, 1, 1145, 1445, 'Paid'),
(203, 302, 1, 1145, 1445, 'Paid'),
(204, 302, 1, 1145, 1445, 'Paid'),
(205, 302, 1, 1145, 1445, 'Paid'),
(206, 302, 1, 1145, 1445, 'Paid'),
(207, 302, 1, 1145, 1445, 'Paid'),
(208, 302, 1, 1145, 1445, 'Paid'),
(209, 302, 1, 1145, 1445, 'Paid'),
(210, 302, 1, 1145, 1445, 'Paid'),
(211, 302, 1, 1145, 1445, 'Paid'),
(212, 302, 1, 1145, 1445, 'Paid'),
(213, 302, 1, 1145, 1445, 'Paid'),
(214, 302, 1, 1145, 1445, 'Paid'),
(215, 302, 1, 1145, 1445, 'Paid'),
(216, 302, 1, 1145, 1445, 'Paid'),
(217, 302, 1, 1145, 1445, 'Paid'),
(218, 302, 1, 1145, 1445, 'Paid'),
(219, 302, 1, 1145, 1445, 'Paid'),
(220, 312, 1, 1, 11, 'Paid'),
(221, 317, 1, 13, 123, 'Paid'),
(222, 317, 1, 13, 123, 'Paid'),
(223, 307, 1, -430, 500, 'Paid'),
(224, 320, 1, -430, 500, 'Paid'),
(225, 322, 1, -430, 500, 'Paid'),
(226, 324, 1, -430, 500, 'Paid'),
(227, 319, 1, -430, 500, 'Paid'),
(228, 321, 1, -430, 500, 'Paid'),
(229, 323, 1, -430, 500, 'Paid'),
(230, 317, 1, -577, 123, 'Paid'),
(231, 317, 1, -577, 123, 'Paid'),
(232, 337, 1, 177, 123, 'Paid'),
(233, 337, 1, 177, 123, 'Paid'),
(234, 0, 1, -112, 112, 'Paid'),
(235, 339, 1, -24, 200, 'Paid'),
(236, 340, 1, -24, 200, 'Paid');

-- --------------------------------------------------------

--
-- Table structure for table `status_type`
--

CREATE TABLE `status_type` (
  `status_type_id` int(11) NOT NULL,
  `status_type` varchar(100) NOT NULL
) ENGINE=InnoDB DEFAULT CHARSET=latin1;

--
-- Dumping data for table `status_type`
--

INSERT INTO `status_type` (`status_type_id`, `status_type`) VALUES
(1, 'Enabled'),
(2, 'Disabled');

-- --------------------------------------------------------

--
-- Table structure for table `stock`
--

CREATE TABLE `stock` (
  `stock_id` int(11) NOT NULL,
  `stock_num_id` varchar(100) NOT NULL,
  `product_id` int(11) NOT NULL,
  `stocks` int(11) NOT NULL,
  `date_added` timestamp NOT NULL DEFAULT CURRENT_TIMESTAMP ON UPDATE CURRENT_TIMESTAMP,
  `begin_inv` int(11) NOT NULL
) ENGINE=InnoDB DEFAULT CHARSET=latin1;

--
-- Dumping data for table `stock`
--

INSERT INTO `stock` (`stock_id`, `stock_num_id`, `product_id`, `stocks`, `date_added`, `begin_inv`) VALUES
(39, '5126', 7, 10, '2018-10-05 05:42:57', 27),
(44, '7126', 8, 9, '2018-10-07 18:41:22', 10),
(45, '7127', 6, 3, '2018-10-07 18:41:48', 10),
(50, '', 0, 0, '2018-10-07 21:04:28', 0),
(51, '7129', 8, 10, '2018-10-07 21:05:01', 10),
(52, '7130', 2, 11, '2018-10-07 21:13:16', 0),
(53, '7131', 2, 13, '2018-10-07 21:24:50', 0),
(54, '7132', 2, 2, '2018-10-07 21:25:44', 13),
(55, '7133', 2, 2, '2018-10-07 21:26:17', 15),
(56, '10134', 2, 100, '2018-10-10 08:18:43', 0),
(57, '10135', 5, 0, '2018-10-10 08:24:24', 97),
(58, '13136', 3, 100, '2018-10-13 03:35:21', 3),
(59, '13137', 6, 100, '2018-10-13 03:36:39', 9),
(60, '21138', 11, 1000, '2018-10-21 00:42:07', 0);

-- --------------------------------------------------------

--
-- Table structure for table `stock_num`
--

CREATE TABLE `stock_num` (
  `stock_num_id` int(11) NOT NULL,
  `stock_num` int(11) NOT NULL
) ENGINE=InnoDB DEFAULT CHARSET=latin1;

--
-- Dumping data for table `stock_num`
--

INSERT INTO `stock_num` (`stock_num_id`, `stock_num`) VALUES
(1, 123);

-- --------------------------------------------------------

--
-- Table structure for table `table_code_num`
--

CREATE TABLE `table_code_num` (
  `table_code_num_id` int(11) NOT NULL,
  `table_code_num` int(11) NOT NULL
) ENGINE=InnoDB DEFAULT CHARSET=latin1;

--
-- Dumping data for table `table_code_num`
--

INSERT INTO `table_code_num` (`table_code_num_id`, `table_code_num`) VALUES
(1, 1);

-- --------------------------------------------------------

--
-- Table structure for table `table_number`
--

CREATE TABLE `table_number` (
  `table_number_id` int(11) NOT NULL,
  `table_code_num_id` varchar(100) NOT NULL,
  `table_number_capacity` varchar(100) NOT NULL,
  `area_type_id` int(11) NOT NULL,
  `number_of_seats` int(11) NOT NULL,
  `availability` varchar(100) NOT NULL COMMENT 'Available; Occupied',
  `status` varchar(100) NOT NULL COMMENT 'Assigned; Un-Assigned'
) ENGINE=InnoDB DEFAULT CHARSET=latin1;

--
-- Dumping data for table `table_number`
--

INSERT INTO `table_number` (`table_number_id`, `table_code_num_id`, `table_number_capacity`, `area_type_id`, `number_of_seats`, `availability`, `status`) VALUES
(293, 'TBL-C182', 'TBL-1', 8, 5, 'In-use', 'Assigned'),
(294, 'TBL-C183', 'TBL-2', 8, 5, 'Available', 'Assigned'),
(295, 'TBL-C184', 'TBL-3', 8, 5, 'Available', 'Un-Assigned'),
(296, 'TBL-C185', 'TBL-4', 8, 5, 'Available', 'Un-Assigned'),
(297, 'TBL-C186', 'TBL-5', 8, 5, 'Available', 'Un-Assigned'),
(298, 'TBL-C187', 'TBL-6', 8, 5, 'Available', 'Un-Assigned'),
(299, 'TBL-C188', 'TBL-7', 8, 5, 'Available', 'Un-Assigned'),
(300, 'TBL-C189', 'TBL-8', 8, 5, 'Available', 'Un-Assigned'),
(301, 'TBL-C190', 'TBL-9', 8, 5, 'Available', 'Un-Assigned'),
(302, 'TBL-C191', 'TBL-10', 8, 5, 'Available', 'Un-Assigned'),
(303, 'TBL-C192', 'TBL-11', 8, 5, 'Available', 'Un-Assigned'),
(304, 'TBL-C193', 'TBL-12', 8, 5, 'Available', 'Un-Assigned'),
(305, 'TBL-C1814', 'TBL-1', 7, 7, 'Available', 'Un-Assigned'),
(306, 'TBL-C1815', 'TBL-2', 7, 7, 'Available', 'Un-Assigned'),
(307, 'TBL-C1816', 'TBL-3', 7, 7, 'Available', 'Un-Assigned'),
(308, 'TBL-C1817', 'TBL-4', 7, 7, 'Available', 'Un-Assigned'),
(309, 'TBL-C1818', 'TBL-5', 7, 7, 'Available', 'Un-Assigned'),
(310, 'TBL-C1819', 'TBL-6', 7, 7, 'Available', 'Un-Assigned'),
(311, 'TBL-C1820', 'TBL-7', 7, 7, 'Available', 'Un-Assigned');

-- --------------------------------------------------------

--
-- Table structure for table `table_nums`
--

CREATE TABLE `table_nums` (
  `table_nums_id` int(11) NOT NULL,
  `table_number_id` int(11) NOT NULL,
  `status` varchar(100) NOT NULL COMMENT 'Occupied; In-Progress; In-Use'
) ENGINE=InnoDB DEFAULT CHARSET=latin1;

--
-- Dumping data for table `table_nums`
--

INSERT INTO `table_nums` (`table_nums_id`, `table_number_id`, `status`) VALUES
(2, 295, 'Occupied'),
(3, 294, 'Occupied'),
(4, 297, 'Occupied'),
(5, 297, 'Occupied'),
(6, 299, 'Occupied'),
(7, 297, 'Occupied'),
(8, 296, 'Occupied'),
(9, 299, 'Occupied'),
(10, 299, 'Occupied'),
(11, 297, 'Occupied'),
(12, 296, 'Occupied'),
(13, 293, 'Occupied'),
(14, 297, 'Occupied'),
(15, 299, 'Occupied'),
(16, 299, 'Occupied'),
(19, 293, 'Occupied'),
(20, 296, 'Occupied'),
(21, 297, 'Occupied'),
(22, 296, 'Occupied'),
(23, 293, 'Occupied'),
(24, 297, 'Occupied'),
(25, 296, 'Occupied'),
(26, 296, 'Occupied'),
(27, 297, 'Occupied'),
(28, 297, 'Occupied'),
(29, 299, 'Occupied'),
(30, 297, 'Occupied'),
(31, 299, 'Occupied'),
(32, 295, 'Occupied'),
(33, 297, 'Occupied'),
(34, 297, 'Occupied'),
(37, 294, 'Occupied'),
(38, 295, 'Occupied'),
(39, 296, 'Occupied'),
(40, 298, 'Occupied'),
(41, 298, 'Occupied'),
(42, 293, 'Occupied'),
(43, 296, 'Occupied'),
(44, 293, 'Occupied'),
(45, 295, 'Occupied'),
(46, 296, 'Occupied'),
(47, 295, 'Occupied'),
(48, 295, 'Occupied'),
(49, 295, 'Occupied'),
(50, 295, 'Occupied'),
(51, 295, 'Occupied'),
(52, 296, 'Occupied'),
(53, 295, 'Occupied'),
(54, 299, 'Occupied'),
(55, 295, 'Occupied'),
(56, 299, 'Occupied'),
(57, 295, 'Occupied'),
(58, 295, 'Occupied'),
(59, 296, 'Occupied'),
(60, 0, 'Occupied'),
(61, 298, 'Occupied'),
(62, 294, 'Occupied'),
(63, 296, 'Occupied'),
(64, 295, 'Occupied'),
(65, 295, 'Occupied'),
(66, 295, 'Occupied'),
(67, 294, 'Occupied'),
(68, 296, 'Occupied'),
(69, 296, 'Occupied'),
(70, 296, 'Occupied'),
(71, 298, 'Occupied'),
(72, 296, 'Occupied'),
(73, 295, 'Occupied'),
(74, 295, 'Occupied'),
(75, 293, 'Occupied'),
(76, 297, 'Occupied'),
(77, 299, 'Occupied'),
(78, 296, 'Occupied'),
(79, 293, 'Occupied'),
(80, 298, 'Occupied'),
(81, 298, 'Occupied'),
(82, 0, 'Occupied'),
(83, 295, 'Occupied'),
(84, 0, 'Occupied'),
(85, 294, 'Occupied'),
(86, 295, 'Occupied'),
(87, 297, 'Occupied'),
(88, 296, 'Occupied'),
(89, 296, 'Occupied'),
(90, 296, 'Occupied'),
(91, 296, 'Occupied'),
(92, 302, 'Occupied'),
(93, 302, 'Occupied'),
(94, 293, 'Occupied'),
(95, 297, 'Occupied'),
(96, 297, 'Occupied'),
(97, 293, 'Occupied'),
(98, 299, 'Occupied'),
(99, 300, 'Occupied'),
(100, 304, 'Occupied'),
(101, 296, 'Occupied');

-- --------------------------------------------------------

--
-- Table structure for table `tax_rate`
--

CREATE TABLE `tax_rate` (
  `tax_rate_id` int(11) NOT NULL,
  `tax_name` varchar(100) NOT NULL,
  `tax_rate` int(11) NOT NULL,
  `tax_type_id` int(11) NOT NULL
) ENGINE=InnoDB DEFAULT CHARSET=latin1;

--
-- Dumping data for table `tax_rate`
--

INSERT INTO `tax_rate` (`tax_rate_id`, `tax_name`, `tax_rate`, `tax_type_id`) VALUES
(1, 'VAT(12%)', 12, 1);

-- --------------------------------------------------------

--
-- Table structure for table `tax_type`
--

CREATE TABLE `tax_type` (
  `tax_type_id` int(11) NOT NULL,
  `tax_type` varchar(100) NOT NULL
) ENGINE=InnoDB DEFAULT CHARSET=latin1;

--
-- Dumping data for table `tax_type`
--

INSERT INTO `tax_type` (`tax_type_id`, `tax_type`) VALUES
(1, 'Percent'),
(2, 'Fixed Amount');

-- --------------------------------------------------------

--
-- Table structure for table `user`
--

CREATE TABLE `user` (
  `user_id` int(11) NOT NULL,
  `user_name` varchar(100) NOT NULL,
  `password` varchar(100) NOT NULL,
  `first_name` varchar(100) NOT NULL,
  `last_name` varchar(100) NOT NULL,
  `user_group_id` int(11) NOT NULL,
  `email_address` varchar(100) NOT NULL,
  `image` varchar(100) NOT NULL,
  `cellphone_number` int(11) NOT NULL,
  `status_type_id` int(11) NOT NULL COMMENT 'Enabled; Disabled',
  `date_added` timestamp NOT NULL DEFAULT CURRENT_TIMESTAMP ON UPDATE CURRENT_TIMESTAMP
) ENGINE=InnoDB DEFAULT CHARSET=latin1;

--
-- Dumping data for table `user`
--

INSERT INTO `user` (`user_id`, `user_name`, `password`, `first_name`, `last_name`, `user_group_id`, `email_address`, `image`, `cellphone_number`, `status_type_id`, `date_added`) VALUES
(7, 'admin', 'admin', 'admin', 'admin', 1, 'ralphdavidgallega@gmail.com', '38935457_103382777274128_4366079065224904704_n.jpeg', 98098, 1, '2018-09-22 03:11:08'),
(8, 'cashier', 'cashier', 'cashier', 'cashier', 2, 'ralphdavidgallega@gmail.com', 'CSF4DxGVEAI9C03.jpg', 980808, 1, '2018-09-22 02:58:54'),
(9, 'kitchen staff', 'kitchen staff', 'kitchen staff', 'kitchen staff', 3, 'ralphdavidgallega@gmail.com', '40678003_133921644218631_2533522816167313408_n.jpg', 98080, 1, '2018-09-22 03:00:17'),
(10, 'waiter', 'waiter', 'Tess', 'Tess', 5, 'ralphdavidgallega@gmail.com', 'sayonara.png', 980980, 1, '2018-10-21 05:41:11'),
(11, 'ragenslyblue', '', 'ragenslyblue', 'ragenslyblue', 6, 'ralphdavidgallega@gmail.com', '3e67753a3f78bef86dcfaeee0611933f.jpeg', 980980, 1, '2018-10-16 08:36:45'),
(12, 'ralph', 'ralph', 'ralph', 'ralph', 6, 'ralphdavidgallega@gmail.com', 'Untitled.png', 98098098, 1, '2018-10-16 09:03:55'),
(13, 'Ralph', 'Ralph', 'Ralph', 'Ralph', 5, 'ralphdavidgallega@gmail.com', '1532897996494.jpg', 909, 1, '2018-10-21 05:30:42');

-- --------------------------------------------------------

--
-- Table structure for table `user_attendee_type`
--

CREATE TABLE `user_attendee_type` (
  `user_attendee_type_id` int(11) NOT NULL,
  `user_attendee_type` varchar(100) NOT NULL
) ENGINE=InnoDB DEFAULT CHARSET=latin1;

--
-- Dumping data for table `user_attendee_type`
--

INSERT INTO `user_attendee_type` (`user_attendee_type_id`, `user_attendee_type`) VALUES
(1, 'Present'),
(2, 'Not-Present');

-- --------------------------------------------------------

--
-- Table structure for table `user_groups`
--

CREATE TABLE `user_groups` (
  `user_groups_id` int(11) NOT NULL,
  `user_groups` varchar(100) NOT NULL
) ENGINE=InnoDB DEFAULT CHARSET=latin1;

--
-- Dumping data for table `user_groups`
--

INSERT INTO `user_groups` (`user_groups_id`, `user_groups`) VALUES
(1, 'admin'),
(2, 'cashier'),
(3, 'kitchen staff'),
(4, 'supervisor'),
(5, 'waiter'),
(6, 'administrator');

-- --------------------------------------------------------

--
-- Table structure for table `vat`
--

CREATE TABLE `vat` (
  `VAT_id` int(11) NOT NULL,
  `vatable` int(11) NOT NULL,
  `tax_rate_id` int(11) NOT NULL,
  `non_vat` int(11) NOT NULL,
  `vat_zero_rated` int(11) NOT NULL,
  `vat_exempt` int(11) NOT NULL
) ENGINE=InnoDB DEFAULT CHARSET=latin1;

--
-- Indexes for dumped tables
--

--
-- Indexes for table `area_type`
--
ALTER TABLE `area_type`
  ADD PRIMARY KEY (`area_type_id`);

--
-- Indexes for table `assigned_tables`
--
ALTER TABLE `assigned_tables`
  ADD PRIMARY KEY (`assigned_tables_id`);

--
-- Indexes for table `category`
--
ALTER TABLE `category`
  ADD PRIMARY KEY (`category_id`);

--
-- Indexes for table `guest`
--
ALTER TABLE `guest`
  ADD PRIMARY KEY (`guest_id`);

--
-- Indexes for table `guest_num`
--
ALTER TABLE `guest_num`
  ADD PRIMARY KEY (`guest_num_id`);

--
-- Indexes for table `guest_seated`
--
ALTER TABLE `guest_seated`
  ADD PRIMARY KEY (`guest_seated_id`);

--
-- Indexes for table `num_guests`
--
ALTER TABLE `num_guests`
  ADD PRIMARY KEY (`num_guests_id`);

--
-- Indexes for table `order_bill_out`
--
ALTER TABLE `order_bill_out`
  ADD PRIMARY KEY (`order_bill_out_id`);

--
-- Indexes for table `order_kitchen`
--
ALTER TABLE `order_kitchen`
  ADD PRIMARY KEY (`order_kitchen_id`);

--
-- Indexes for table `order_num`
--
ALTER TABLE `order_num`
  ADD PRIMARY KEY (`order_num_id`);

--
-- Indexes for table `order_type`
--
ALTER TABLE `order_type`
  ADD PRIMARY KEY (`order_type_id`);

--
-- Indexes for table `payment_type`
--
ALTER TABLE `payment_type`
  ADD PRIMARY KEY (`payment_type_id`);

--
-- Indexes for table `product`
--
ALTER TABLE `product`
  ADD PRIMARY KEY (`product_id`);

--
-- Indexes for table `product_num`
--
ALTER TABLE `product_num`
  ADD PRIMARY KEY (`product_num_id`);

--
-- Indexes for table `receipt`
--
ALTER TABLE `receipt`
  ADD PRIMARY KEY (`receipt_id`);

--
-- Indexes for table `status_type`
--
ALTER TABLE `status_type`
  ADD PRIMARY KEY (`status_type_id`);

--
-- Indexes for table `stock`
--
ALTER TABLE `stock`
  ADD PRIMARY KEY (`stock_id`);

--
-- Indexes for table `stock_num`
--
ALTER TABLE `stock_num`
  ADD PRIMARY KEY (`stock_num_id`);

--
-- Indexes for table `table_code_num`
--
ALTER TABLE `table_code_num`
  ADD PRIMARY KEY (`table_code_num_id`);

--
-- Indexes for table `table_number`
--
ALTER TABLE `table_number`
  ADD PRIMARY KEY (`table_number_id`);

--
-- Indexes for table `table_nums`
--
ALTER TABLE `table_nums`
  ADD PRIMARY KEY (`table_nums_id`);

--
-- Indexes for table `tax_rate`
--
ALTER TABLE `tax_rate`
  ADD PRIMARY KEY (`tax_rate_id`);

--
-- Indexes for table `tax_type`
--
ALTER TABLE `tax_type`
  ADD PRIMARY KEY (`tax_type_id`);

--
-- Indexes for table `user`
--
ALTER TABLE `user`
  ADD PRIMARY KEY (`user_id`);

--
-- Indexes for table `user_attendee_type`
--
ALTER TABLE `user_attendee_type`
  ADD PRIMARY KEY (`user_attendee_type_id`);

--
-- Indexes for table `user_groups`
--
ALTER TABLE `user_groups`
  ADD PRIMARY KEY (`user_groups_id`);

--
-- Indexes for table `vat`
--
ALTER TABLE `vat`
  ADD PRIMARY KEY (`VAT_id`);

--
-- AUTO_INCREMENT for dumped tables
--

--
-- AUTO_INCREMENT for table `area_type`
--
ALTER TABLE `area_type`
  MODIFY `area_type_id` int(11) NOT NULL AUTO_INCREMENT, AUTO_INCREMENT=10;
--
-- AUTO_INCREMENT for table `assigned_tables`
--
ALTER TABLE `assigned_tables`
  MODIFY `assigned_tables_id` int(11) NOT NULL AUTO_INCREMENT, AUTO_INCREMENT=10;
--
-- AUTO_INCREMENT for table `category`
--
ALTER TABLE `category`
  MODIFY `category_id` int(11) NOT NULL AUTO_INCREMENT, AUTO_INCREMENT=32;
--
-- AUTO_INCREMENT for table `guest`
--
ALTER TABLE `guest`
  MODIFY `guest_id` int(11) NOT NULL AUTO_INCREMENT, AUTO_INCREMENT=97;
--
-- AUTO_INCREMENT for table `guest_num`
--
ALTER TABLE `guest_num`
  MODIFY `guest_num_id` int(11) NOT NULL AUTO_INCREMENT, AUTO_INCREMENT=2;
--
-- AUTO_INCREMENT for table `guest_seated`
--
ALTER TABLE `guest_seated`
  MODIFY `guest_seated_id` int(11) NOT NULL AUTO_INCREMENT, AUTO_INCREMENT=53;
--
-- AUTO_INCREMENT for table `num_guests`
--
ALTER TABLE `num_guests`
  MODIFY `num_guests_id` int(11) NOT NULL AUTO_INCREMENT, AUTO_INCREMENT=30;
--
-- AUTO_INCREMENT for table `order_bill_out`
--
ALTER TABLE `order_bill_out`
  MODIFY `order_bill_out_id` int(11) NOT NULL AUTO_INCREMENT, AUTO_INCREMENT=344;
--
-- AUTO_INCREMENT for table `order_kitchen`
--
ALTER TABLE `order_kitchen`
  MODIFY `order_kitchen_id` int(11) NOT NULL AUTO_INCREMENT, AUTO_INCREMENT=285;
--
-- AUTO_INCREMENT for table `order_num`
--
ALTER TABLE `order_num`
  MODIFY `order_num_id` int(11) NOT NULL AUTO_INCREMENT, AUTO_INCREMENT=2;
--
-- AUTO_INCREMENT for table `order_type`
--
ALTER TABLE `order_type`
  MODIFY `order_type_id` int(11) NOT NULL AUTO_INCREMENT, AUTO_INCREMENT=3;
--
-- AUTO_INCREMENT for table `payment_type`
--
ALTER TABLE `payment_type`
  MODIFY `payment_type_id` int(11) NOT NULL AUTO_INCREMENT, AUTO_INCREMENT=3;
--
-- AUTO_INCREMENT for table `product`
--
ALTER TABLE `product`
  MODIFY `product_id` int(11) NOT NULL AUTO_INCREMENT, AUTO_INCREMENT=15;
--
-- AUTO_INCREMENT for table `product_num`
--
ALTER TABLE `product_num`
  MODIFY `product_num_id` int(11) NOT NULL AUTO_INCREMENT, AUTO_INCREMENT=2;
--
-- AUTO_INCREMENT for table `receipt`
--
ALTER TABLE `receipt`
  MODIFY `receipt_id` int(11) NOT NULL AUTO_INCREMENT, AUTO_INCREMENT=237;
--
-- AUTO_INCREMENT for table `status_type`
--
ALTER TABLE `status_type`
  MODIFY `status_type_id` int(11) NOT NULL AUTO_INCREMENT, AUTO_INCREMENT=3;
--
-- AUTO_INCREMENT for table `stock`
--
ALTER TABLE `stock`
  MODIFY `stock_id` int(11) NOT NULL AUTO_INCREMENT, AUTO_INCREMENT=61;
--
-- AUTO_INCREMENT for table `stock_num`
--
ALTER TABLE `stock_num`
  MODIFY `stock_num_id` int(11) NOT NULL AUTO_INCREMENT, AUTO_INCREMENT=2;
--
-- AUTO_INCREMENT for table `table_code_num`
--
ALTER TABLE `table_code_num`
  MODIFY `table_code_num_id` int(11) NOT NULL AUTO_INCREMENT, AUTO_INCREMENT=2;
--
-- AUTO_INCREMENT for table `table_number`
--
ALTER TABLE `table_number`
  MODIFY `table_number_id` int(11) NOT NULL AUTO_INCREMENT, AUTO_INCREMENT=312;
--
-- AUTO_INCREMENT for table `table_nums`
--
ALTER TABLE `table_nums`
  MODIFY `table_nums_id` int(11) NOT NULL AUTO_INCREMENT, AUTO_INCREMENT=102;
--
-- AUTO_INCREMENT for table `tax_rate`
--
ALTER TABLE `tax_rate`
  MODIFY `tax_rate_id` int(11) NOT NULL AUTO_INCREMENT, AUTO_INCREMENT=2;
--
-- AUTO_INCREMENT for table `tax_type`
--
ALTER TABLE `tax_type`
  MODIFY `tax_type_id` int(11) NOT NULL AUTO_INCREMENT, AUTO_INCREMENT=3;
--
-- AUTO_INCREMENT for table `user`
--
ALTER TABLE `user`
  MODIFY `user_id` int(11) NOT NULL AUTO_INCREMENT, AUTO_INCREMENT=14;
--
-- AUTO_INCREMENT for table `user_attendee_type`
--
ALTER TABLE `user_attendee_type`
  MODIFY `user_attendee_type_id` int(11) NOT NULL AUTO_INCREMENT, AUTO_INCREMENT=3;
--
-- AUTO_INCREMENT for table `user_groups`
--
ALTER TABLE `user_groups`
  MODIFY `user_groups_id` int(11) NOT NULL AUTO_INCREMENT, AUTO_INCREMENT=7;
--
-- AUTO_INCREMENT for table `vat`
--
ALTER TABLE `vat`
  MODIFY `VAT_id` int(11) NOT NULL AUTO_INCREMENT;
/*!40101 SET CHARACTER_SET_CLIENT=@OLD_CHARACTER_SET_CLIENT */;
/*!40101 SET CHARACTER_SET_RESULTS=@OLD_CHARACTER_SET_RESULTS */;
/*!40101 SET COLLATION_CONNECTION=@OLD_COLLATION_CONNECTION */;
